Categorie 1;Categorie 2;nom;icon;ordre
Gouvernance;;;TV/icones/gouvernance.png;1
Gouvernance;;photo 01;TV/photos/photos/Gouvernance/Alar Kolk et Jean Bernard Titz signent la convention.jpg;
Gouvernance;;photo 02;TV/photos/photos/Gouvernance/CA 2015-2017.jpg;
Gouvernance;;photo 03;TV/photos/photos/Gouvernance/Dronie J-J Giordan - Webelse.fr.jpg;
Gouvernance;;photo 04;TV/photos/photos/Gouvernance/DSC_0054.JPG;
Gouvernance;;photo 05;TV/photos/photos/Gouvernance/DSC_0067.JPG;
Gouvernance;;photo 06;TV/photos/photos/Gouvernance/DSC_0145.JPG;
Gouvernance;;photo 07;TV/photos/photos/Gouvernance/DSC_0241.JPG;
Gouvernance;;photo 08;TV/photos/photos/Gouvernance/DSC_0395.JPG;
Gouvernance;;photo 09;TV/photos/photos/Gouvernance/DSC_0414.JPG;
Gouvernance;;photo 10;TV/photos/photos/Gouvernance/Journee formation equipes 11 octobre 2014.jpg;
Gouvernance;Bureau Exécutif;;TV/icones/exec.png;
Gouvernance;Bureau Exécutif;photo 01;TV/photos/photos/Gouvernance/Bureau Executif/DSC_0441.JPG;
Gouvernance;Bureau Exécutif;photo 02;TV/photos/photos/Gouvernance/Bureau Executif/Frederic Bossard.png;
Gouvernance;Bureau Exécutif;photo 03;TV/photos/photos/Gouvernance/Bureau Executif/JBTITZ.png;
Gouvernance;Bureau Exécutif;photo 04;TV/photos/photos/Gouvernance/Bureau Executif/JF CARRASCO.png;
Gouvernance;Bureau Exécutif;photo 05;TV/photos/photos/Gouvernance/Bureau Executif/P. Flamand 2015.png;
Gouvernance;Bureau Exécutif;photo 06;TV/photos/photos/Gouvernance/Bureau Executif/P.Vignon.png;
Gouvernance;Bureau Exécutif;photo 07;TV/photos/photos/Gouvernance/Bureau Executif/Pascal Flamand et le Bureau Executif.JPG;
Gouvernance;Conseil d'administration;;TV/icones/conseil_admin.png;
Gouvernance;Conseil d'administration;photo 01;TV/photos/photos/Gouvernance/Conseil dadministration/BE Telecom Valley 2013-2015.jpg;
Gouvernance;Conseil d'administration;photo 02;TV/photos/photos/Gouvernance/Conseil dadministration/CA 2015-2017.jpg;
Gouvernance;Conseil d'administration;photo 03;TV/photos/photos/Gouvernance/Conseil dadministration/CA Telecom Valley 2013-2015.jpg;
Gouvernance;Conseil d'administration;photo 04;TV/photos/photos/Gouvernance/Conseil dadministration/DSC_0077.JPG;
Gouvernance;Conseil d'administration;photo 05;TV/photos/photos/Gouvernance/Conseil dadministration/DSC_0313.JPG;
Gouvernance;Conseil d'administration;photo 06;TV/photos/photos/Gouvernance/Conseil dadministration/DSC_0414.JPG;
Gouvernance;Equipe opérationnelle;;TV/icones/op_team.png;
Gouvernance;Equipe opérationnelle;photo 01;TV/photos/photos/Gouvernance/Equipe operationnelle/2015-03-31_20-00-59.jpg;
Gouvernance;Equipe opérationnelle;photo 02;TV/photos/photos/Gouvernance/Equipe operationnelle/DSCN0082.JPG;
Gouvernance;Equipe opérationnelle;photo 03;TV/photos/photos/Gouvernance/Equipe operationnelle/DSC_0007.JPG;
Gouvernance;Equipe opérationnelle;photo 04;TV/photos/photos/Gouvernance/Equipe operationnelle/DSC_0015.JPG;
Gouvernance;Equipe opérationnelle;photo 05;TV/photos/photos/Gouvernance/Equipe operationnelle/DSC_0052.JPG;
Gouvernance;Equipe opérationnelle;photo 06;TV/photos/photos/Gouvernance/Equipe operationnelle/DSC_0073.JPG;
Gouvernance;Equipe opérationnelle;photo 07;TV/photos/photos/Gouvernance/Equipe operationnelle/DSC_0097.JPG;
Gouvernance;Equipe opérationnelle;photo 08;TV/photos/photos/Gouvernance/Equipe operationnelle/DSC_0105.JPG;
Gouvernance;Equipe opérationnelle;photo 09;TV/photos/photos/Gouvernance/Equipe operationnelle/DSC_0187.JPG;
Gouvernance;Equipe opérationnelle;photo 10;TV/photos/photos/Gouvernance/Equipe operationnelle/DSC_0386.JPG;
Gouvernance;Equipe opérationnelle;photo 11;TV/photos/photos/Gouvernance/Equipe operationnelle/DSC_0398.JPG;
Gouvernance;Equipe opérationnelle;photo 12;TV/photos/photos/Gouvernance/Equipe operationnelle/DSC_0428.JPG;
Gouvernance;Equipe opérationnelle;photo 13;TV/photos/photos/Gouvernance/Equipe operationnelle/DSC_0628.JPG;
Gouvernance;Equipe opérationnelle;photo 14;TV/photos/photos/Gouvernance/Equipe operationnelle/DSC_0629.JPG;
Gouvernance;Equipe opérationnelle;photo 15;TV/photos/photos/Gouvernance/Equipe operationnelle/Marc.png;
Gouvernance;Equipe opérationnelle;photo 16;TV/photos/photos/Gouvernance/Equipe operationnelle/Audrey officielle.png;
Gouvernance;Equipe opérationnelle;photo 17;TV/photos/photos/Gouvernance/Equipe operationnelle/mbosio.png;
Gouvernance;Equipe opérationnelle;photo 18;TV/photos/photos/Gouvernance/Equipe operationnelle/Sandra.png;
Challenge Jeunes Pousses;;;TV/icones/videos_CJP.png;2
Challenge Jeunes Pousses;;photo 01;TV/photos/photos/Challenge Jeunes Pousses/2015-03-27_21-13-05.jpg;
Challenge Jeunes Pousses;;photo 02;TV/photos/photos/Challenge Jeunes Pousses/2015-03-27_21-13-28.jpg;
Challenge Jeunes Pousses;;photo 03;TV/photos/photos/Challenge Jeunes Pousses/CJP Demi-Finale - Equipes et Jury.jpg;
Challenge Jeunes Pousses;;photo 04;TV/photos/photos/Challenge Jeunes Pousses/Demi finale - Les 4 equipes finalistes.JPG;
Challenge Jeunes Pousses;;photo 05;TV/photos/photos/Challenge Jeunes Pousses/DSC_0006.JPG;
Challenge Jeunes Pousses;;photo 06;TV/photos/photos/Challenge Jeunes Pousses/DSC_0011.JPG;
Challenge Jeunes Pousses;;photo 07;TV/photos/photos/Challenge Jeunes Pousses/DSC_0016.JPG;
Challenge Jeunes Pousses;;photo 08;TV/photos/photos/Challenge Jeunes Pousses/DSC_0018.JPG;
Challenge Jeunes Pousses;;photo 09;TV/photos/photos/Challenge Jeunes Pousses/DSC_0027.JPG;
Challenge Jeunes Pousses;;photo 10;TV/photos/photos/Challenge Jeunes Pousses/DSC_0067.jpg;
Challenge Jeunes Pousses;;photo 11;TV/photos/photos/Challenge Jeunes Pousses/DSC_0079.JPG;
Challenge Jeunes Pousses;;photo 12;TV/photos/photos/Challenge Jeunes Pousses/DSC_0082.JPG;
Challenge Jeunes Pousses;;photo 13;TV/photos/photos/Challenge Jeunes Pousses/DSC_0087.JPG;
Challenge Jeunes Pousses;;photo 14;TV/photos/photos/Challenge Jeunes Pousses/DSC_0132.JPG;
Challenge Jeunes Pousses;;photo 15;TV/photos/photos/Challenge Jeunes Pousses/DSC_0205.JPG;
Challenge Jeunes Pousses;;photo 16;TV/photos/photos/Challenge Jeunes Pousses/DSC_0208.JPG;
Challenge Jeunes Pousses;;photo 17;TV/photos/photos/Challenge Jeunes Pousses/DSC_0209.JPG;
Challenge Jeunes Pousses;;photo 18;TV/photos/photos/Challenge Jeunes Pousses/Finale CJP - Equipe gagnante WEVER.jpg;
Challenge Jeunes Pousses;;photo 19;TV/photos/photos/Challenge Jeunes Pousses/FINALE CJP2016 - 4 equipes finalistes.jpg;
Challenge Jeunes Pousses;;photo 20;TV/photos/photos/Challenge Jeunes Pousses/FINALE CJP2016 - Equipe gagnante du concours Tourism Box.jpg;
Challenge Jeunes Pousses;;photo 21;TV/photos/photos/Challenge Jeunes Pousses/FINALE CJP2016 - Tourism Box.jpg;
Challenge Jeunes Pousses;;photo 22;TV/photos/photos/Challenge Jeunes Pousses/JF CARRASCO.png;
Hackathons;;;TV/icones/hackaton.png;3
Hackathons;Act in Space;;TV/icones/act_in_space.png;
Hackathons;Act in Space;photo 01;TV/photos/photos/Hackathons/Act in Space/DSC_0012.JPG;
Hackathons;Act in Space;photo 02;TV/photos/photos/Hackathons/Act in Space/DSC_0029.JPG;
Hackathons;Act in Space;photo 03;TV/photos/photos/Hackathons/Act in Space/DSC_0030.JPG;
Hackathons;Act in Space;photo 04;TV/photos/photos/Hackathons/Act in Space/DSC_0031.JPG;
Hackathons;Act in Space;photo 05;TV/photos/photos/Hackathons/Act in Space/DSC_0032.JPG;
Hackathons;Act in Space;photo 06;TV/photos/photos/Hackathons/Act in Space/DSC_0033.JPG;
Hackathons;Act in Space;photo 07;TV/photos/photos/Hackathons/Act in Space/DSC_0034.JPG;
Hackathons;Act in Space;photo 08;TV/photos/photos/Hackathons/Act in Space/DSC_0035.JPG;
Hackathons;Act in Space;photo 09;TV/photos/photos/Hackathons/Act in Space/DSC_0036.JPG;
Hackathons;Act in Space;photo 10;TV/photos/photos/Hackathons/Act in Space/DSC_0037.JPG;
Hackathons;Act in Space;photo 11;TV/photos/photos/Hackathons/Act in Space/DSC_0038.JPG;
Hackathons;Act in Space;photo 12;TV/photos/photos/Hackathons/Act in Space/DSC_0069.jpg;
Hackathons;Act in Space;photo 13;TV/photos/photos/Hackathons/Act in Space/DSC_0077.jpg;
Hackathons;Act in Space;photo 14;TV/photos/photos/Hackathons/Act in Space/DSC_0084.jpg;
Hackathons;Act in Space;photo 15;TV/photos/photos/Hackathons/Act in Space/DSC_0164.jpg;
Hackathons;Act in Space;photo 16;TV/photos/photos/Hackathons/Act in Space/DSC_0228.JPG;
Hackathons;Act in Space;photo 17;TV/photos/photos/Hackathons/Act in Space/DSC_0247.JPG;
Hackathons;Act in Space;photo 18;TV/photos/photos/Hackathons/Act in Space/DSC_0258.JPG;
Hackathons;Act in Space;photo 19;TV/photos/photos/Hackathons/Act in Space/DSC_0263.JPG;
Hackathons;Act in Space;photo 20;TV/photos/photos/Hackathons/Act in Space/DSC_0430.JPG;
Hackathons;Act in Space;photo 21;TV/photos/photos/Hackathons/Act in Space/DSC_0442.JPG;
Hackathons;Act in Space;photo 22;TV/photos/photos/Hackathons/Act in Space/DSC_0455.JPG;
Hackathons;Act in Space;photo 23;TV/photos/photos/Hackathons/Act in Space/IMG_7338.JPG;
Hackathons;Act in Space;photo 24;TV/photos/photos/Hackathons/Act in Space/IMG_7342.JPG;
Hackathons;GreenGame;;TV/icones/greengame.png;
Hackathons;GreenGame;photo 01;TV/photos/photos/Hackathons/GreenGame/DSC_0002.JPG;
Hackathons;GreenGame;photo 02;TV/photos/photos/Hackathons/GreenGame/DSC_0013.JPG;
Hackathons;GreenGame;photo 03;TV/photos/photos/Hackathons/GreenGame/DSC_0026.JPG;
Hackathons;GreenGame;photo 04;TV/photos/photos/Hackathons/GreenGame/DSC_0029.JPG;
Hackathons;GreenGame;photo 05;TV/photos/photos/Hackathons/GreenGame/DSC_0058.JPG;
Hackathons;GreenGame;photo 06;TV/photos/photos/Hackathons/GreenGame/DSC_0073.JPG;
Hackathons;GreenGame;photo 07;TV/photos/photos/Hackathons/GreenGame/DSC_0106.JPG;
Hackathons;GreenGame;photo 08;TV/photos/photos/Hackathons/GreenGame/DSC_0110.JPG;
Hackathons;GreenGame;photo 09;TV/photos/photos/Hackathons/GreenGame/DSC_0126.JPG;
Hackathons;GreenGame;photo 10;TV/photos/photos/Hackathons/GreenGame/DSC_0133.JPG;
Hackathons;GreenGame;photo 11;TV/photos/photos/Hackathons/GreenGame/DSC_0137.JPG;
Hackathons;Hack Data by TV;;TV/icones/hack_data.png;
Hackathons;Hack Data by TV;photo 01;TV/photos/photos/Hackathons/Hack Data by TV/DSC_0002.JPG;
Hackathons;Hack Data by TV;photo 02;TV/photos/photos/Hackathons/Hack Data by TV/DSC_0006.JPG;
Hackathons;Hack Data by TV;photo 03;TV/photos/photos/Hackathons/Hack Data by TV/DSC_0014.JPG;
Hackathons;Hack Data by TV;photo 04;TV/photos/photos/Hackathons/Hack Data by TV/DSC_0077.JPG;
Hackathons;Hack Data by TV;photo 05;TV/photos/photos/Hackathons/Hack Data by TV/DSC_0079.JPG;
Hackathons;Hack Data by TV;photo 06;TV/photos/photos/Hackathons/Hack Data by TV/DSC_0130.JPG;
Hackathons;Hack Data by TV;photo 07;TV/photos/photos/Hackathons/Hack Data by TV/Hack Data by TV.jpg;
Hackathons;SMART APP CONTEST;;TV/icones/smart_app.png;
Hackathons;SMART APP CONTEST;photo 01;TV/photos/photos/Hackathons/SMART APP CONTEST/Dronie J-J Giordan - Webelse.fr.jpg;
Hackathons;SMART APP CONTEST;photo 02;TV/photos/photos/Hackathons/SMART APP CONTEST/DSC_0012.JPG;
Hackathons;SMART APP CONTEST;photo 03;TV/photos/photos/Hackathons/SMART APP CONTEST/DSC_0022.JPG;
Hackathons;SMART APP CONTEST;photo 04;TV/photos/photos/Hackathons/SMART APP CONTEST/DSC_0094.JPG;
Hackathons;SMART APP CONTEST;photo 05;TV/photos/photos/Hackathons/SMART APP CONTEST/DSC_0100.JPG;
Hackathons;SMART APP CONTEST;photo 06;TV/photos/photos/Hackathons/SMART APP CONTEST/DSC_0101.JPG;
Hackathons;SMART APP CONTEST;photo 07;TV/photos/photos/Hackathons/SMART APP CONTEST/DSC_0136.JPG;
Hackathons;SMART APP CONTEST;photo 08;TV/photos/photos/Hackathons/SMART APP CONTEST/DSC_0171.JPG;
Hackathons;SMART APP CONTEST;photo 09;TV/photos/photos/Hackathons/SMART APP CONTEST/Huski avec les smart watches.JPG;
Hackathons;SMART APP CONTEST;photo 10;TV/photos/photos/Hackathons/SMART APP CONTEST/Huski2.JPG;
Hackathons;SMART APP CONTEST;photo 11;TV/photos/photos/Hackathons/SMART APP CONTEST/Jury.JPG;
Hackathons;SMART APP CONTEST;photo 12;TV/photos/photos/Hackathons/SMART APP CONTEST/Kasubonbon Prix metropole.JPG;
Hackathons;SMART APP CONTEST;photo 13;TV/photos/photos/Hackathons/SMART APP CONTEST/Menu Match.JPG;
Hackathons;SMART APP CONTEST;photo 14;TV/photos/photos/Hackathons/SMART APP CONTEST/Presentation des projets.JPG;
Hackathons;Trophée Objets Connectés et Services;;TV/icones/sofab.png;
Hackathons;Trophée Objets Connectés et Services;photo 01;TV/photos/photos/Hackathons/Tocs/DSC_0005.JPG;
Hackathons;Trophée Objets Connectés et Services;photo 02;TV/photos/photos/Hackathons/Tocs/DSC_0008.JPG;
Hackathons;Trophée Objets Connectés et Services;photo 03;TV/photos/photos/Hackathons/Tocs/DSC_0010.JPG;
Hackathons;Trophée Objets Connectés et Services;photo 04;TV/photos/photos/Hackathons/Tocs/DSC_0014.JPG;
Hackathons;Trophée Objets Connectés et Services;photo 05;TV/photos/photos/Hackathons/Tocs/DSC_0016.JPG;
Hackathons;Trophée Objets Connectés et Services;photo 06;TV/photos/photos/Hackathons/Tocs/DSC_0019.JPG;
Hackathons;Trophée Objets Connectés et Services;photo 07;TV/photos/photos/Hackathons/Tocs/DSC_0021.JPG;
Bêtisier;;;TV/icones/betisier.png;4
Bêtisier;;photo 01;TV/photos/photos/Betisier/2015-03-27_19-34-33.jpg;
Bêtisier;;photo 02;TV/photos/photos/Betisier/2015-03-27_19-37-59.jpg;
Bêtisier;;photo 03;TV/photos/photos/Betisier/2015-03-27_20-44-12.jpg;
Bêtisier;;photo 04;TV/photos/photos/Betisier/2015-03-27_21-28-31.jpg;
Bêtisier;;photo 05;TV/photos/photos/Betisier/2015-03-27_21-29-52.jpg;
Bêtisier;;photo 06;TV/photos/photos/Betisier/2015-03-27_21-35-44.jpg;
Bêtisier;;photo 07;TV/photos/photos/Betisier/2015-03-31_20-01-10.jpg;
Bêtisier;;photo 08;TV/photos/photos/Betisier/2015-03-31_20-18-49.jpg;
Bêtisier;;photo 09;TV/photos/photos/Betisier/2015-03-31_20-20-20.jpg;
Bêtisier;;photo 10;TV/photos/photos/Betisier/2015-03-31_20-41-32.jpg;
Bêtisier;;photo 11;TV/photos/photos/Betisier/2015-03-31_20-55-47.jpg;
Bêtisier;;photo 12;TV/photos/photos/Betisier/2015-03-31_20-57-44.jpg;
Bêtisier;;photo 13;TV/photos/photos/Betisier/20151023_191338.jpg;
Bêtisier;;photo 14;TV/photos/photos/Betisier/A.jpg;
Bêtisier;;photo 15;TV/photos/photos/Betisier/DSCN0116.JPG;
Bêtisier;;photo 16;TV/photos/photos/Betisier/DSCN0192.JPG;
Bêtisier;;photo 17;TV/photos/photos/Betisier/DSC_0004.JPG;
Bêtisier;;photo 18;TV/photos/photos/Betisier/DSC_0013.JPG;
Bêtisier;;photo 19;TV/photos/photos/Betisier/DSC_0016.JPG;
Bêtisier;;photo 20;TV/photos/photos/Betisier/DSC_0018.JPG;
Bêtisier;;photo 21;TV/photos/photos/Betisier/DSC_0021.JPG;
Bêtisier;;photo 22;TV/photos/photos/Betisier/DSC_0023.JPG;
Bêtisier;;photo 23;TV/photos/photos/Betisier/DSC_0034.JPG;
Bêtisier;;photo 24;TV/photos/photos/Betisier/DSC_0038.JPG;
Bêtisier;;photo 25;TV/photos/photos/Betisier/DSC_0042.JPG;
Bêtisier;;photo 26;TV/photos/photos/Betisier/DSC_0045.JPG;
Bêtisier;;photo 27;TV/photos/photos/Betisier/DSC_0051.JPG;
Bêtisier;;photo 28;TV/photos/photos/Betisier/DSC_0059.JPG;
Bêtisier;;photo 29;TV/photos/photos/Betisier/DSC_0072.JPG;
Bêtisier;;photo 30;TV/photos/photos/Betisier/DSC_0078.JPG;
Bêtisier;;photo 31;TV/photos/photos/Betisier/DSC_0116.JPG;
Bêtisier;;photo 32;TV/photos/photos/Betisier/DSC_0129.JPG;
Bêtisier;;photo 33;TV/photos/photos/Betisier/DSC_0231.JPG;
Bêtisier;;photo 34;TV/photos/photos/Betisier/DSC_0258.JPG;
Bêtisier;;photo 35;TV/photos/photos/Betisier/DSC_0262.JPG;
Bêtisier;;photo 36;TV/photos/photos/Betisier/DSC_0291.JPG;
Bêtisier;;photo 37;TV/photos/photos/Betisier/DSC_0353.JPG;
Bêtisier;;photo 38;TV/photos/photos/Betisier/DSC_0438.JPG;
Bêtisier;;photo 39;TV/photos/photos/Betisier/DSC_0439.JPG;
Bêtisier;;photo 40;TV/photos/photos/Betisier/DSC_0445.JPG;
Bêtisier;;photo 41;TV/photos/photos/Betisier/DSC_0448.JPG;
Bêtisier;;photo 42;TV/photos/photos/Betisier/IMG_20130719_162123.jpg;
