Nom;Pr_nom;Libell__Ville_ou_CASA;Libell__DGS_ou_CMUN;Libell__DGA;Libell__Direction;Libell__Service;Libell__Unit_;Libell__Equipe;Immat;Carte essence;Marque;Modèle;Type;Année;Carburant;Total compteur km ou heures ATAL;Unité km ou heures;Total km par an;Autorisation de remisage;Nb de trajets par jour;km Aller simple;Total km remisage par jour;nb de jours de remisage par an;Total km remisage par an;Total km hors remisage;Réforme;Observations;
LastName  108;FirstName  108;Site 1;Entity 1;Department 1;Business unit 2;Service 8;Project 17;Team 19;59 RPF 98;NON;RENAULT;TRAFIC;Utilitaire;2010;Gasoil;44477;Km;6066;NON;;;;;;6066;;;
LastName  109;FirstName  109;Site 1;Entity 1;Department 1;Business unit 2;Service 8;Project 17;Team 19;08 GZT 50;NON;PEUGEOT;307;Véhicule léger;2007;Gasoil;223588;Km;31972;NON;;;;;;31972;;;
LastName  110;FirstName  110;Site 1;Entity 1;Department 1;Business unit 2;Service 8;Project 17;Team 19;349 MCL 90;NON;CITROEN;JUMPY;Utilitaire léger;2010;Gasoil;33136;Km;7127;NON;;;;;;7127;;;
LastName  111;FirstName  111;Site 1;Entity 1;Department 1;Business unit 2;Service 8;Project 17;Team 19;764 IMR 29;NON;CITROEN;GNV BERLINGO;Utilitaire léger;2007;GNV;49164;Km;9818;OUI;2;8.22907488986784;16.45814977973568;227;3736;6082;;;
LastName  112;FirstName  112;Site 1;Entity 1;Department 1;Business unit 2;Service 8;Project 17;Team 19;GS 947 VY;NON;FIAT ;DOBLO WORK-UP;Utilitaire léger;2013;GNV;17947;Km;7805;OUI;2;0.06387665198237885;0.1277533039647577;227;29;7776;;;
LastName  113;FirstName  113;Site 1;Entity 1;Department 1;Business unit 2;Service 8;Project 17;Team 19;XM 383 VG;NON;FIAT ;DOBLO WORK-UP;Utilitaire léger;2009;Gasoil;19024;Km;7556;OUI;2;6.599118942731278;13.198237885462555;227;2996;4560;;;
LastName  114;FirstName  114;Site 1;Entity 1;Department 1;Business unit 2;Service 8;Project 17;Team 19;AL 983 XX;NON;FIAT;DUCATO PLATEAU FIXE;Utilitaire;2013;Gasoil;7650;Km;9825;NON;;;;;;9825;;;
LastName  115;FirstName  115;Site 1;Entity 1;Department 1;Business unit 2;Service 8;Project 17;Team 19;GM 044 KS;NON;FIAT;GNV FIORINO;Utilitaire léger;2007;GNV;10919;Km;7572;OUI;2;8.19603524229075;16.3920704845815;227;3721;3851;;;
LastName  116;FirstName  116;Site 1;Entity 1;Department 1;Business unit 2;Service 8;Project 17;Team 20;226 SER 35;NON;PEUGEOT;PARTNER;Utilitaire léger;2011;SP95;109645;Km;13176;OUI;2;13.004405286343612;26.008810572687224;227;5904;7272;;;
LastName  117;FirstName  117;Site 1;Entity 1;Department 1;Business unit 2;Service 8;Project 17;Team 20;MO 939 F;NON;MBK;FLEEPER 50;Deux roues;2007;SP95;5759;Km;9408;NON;;;;;;9408;;;
LastName  118;FirstName  118;Site 1;Entity 1;Department 1;Business unit 2;Service 8;Project 17;Team 21;452 LFS 10;NON;YAMAHA;XMAX;Deux roues;2007;SP95;28956;Km;7003;NON;;;;;;7003;;;
LastName  119;FirstName  119;Site 1;Entity 1;Department 1;Business unit 2;Service 8;Project 17;Team 21;641 JXZ 92;NON;RENAULT;TWINGO;Véhicule léger;2006;SP95;39291;Km;8007;NON;;;;;;8007;;;
LastName  120;FirstName  120;Site 1;Entity 1;Department 1;Business unit 2;Service 8;Project 17;Team 22;183 YCQ 29;NON;PEUGEOT;ELYSEO 125;Deux roues;2003;SP95;20828;Km;5769;OUI;2;5.169603524229075;10.33920704845815;227;2347;3422;;;
LastName  121;FirstName  121;Site 1;Entity 1;Department 1;Business unit 2;Service 8;Project 17;Team 23;389 XHS 64;NON;PEUGEOT;PARTNER;Utilitaire léger;2008;SP95;35996;Km;10280;NON;;;;;;10280;;;
LastName  122;FirstName  122;Site 1;Entity 1;Department 1;Business unit 2;Service 8;Project 18;Team 24;65 MVU 17;NON;NISSAN;NACELLE;Utilitaire léger;2007;Gasoil;430324;Heures;63123;NON;;;;;;63123;;;
LastName  123;FirstName  123;Site 1;Entity 1;Department 1;Business unit 2;Service 8;Project 18;Team 24;777 WZE 88;NON;CITROEN;BERLINGO;Utilitaire léger;2007;SP95;72060;Km;20824;OUI;2;6.174008810572687;12.348017621145374;227;2803;18021;;;
LastName  124;FirstName  124;Site 1;Entity 1;Department 1;Business unit 2;Service 8;Project 18;Team 24;920 FWB 76;NON;CITROEN;GNV BERLINGO;Utilitaire léger;2010;GNV;520160;Km;106004;NON;;;;;;106004;;;
LastName  125;FirstName  125;Site 1;Entity 1;Department 1;Business unit 2;Service 8;Project 18;Team 24;313 BYF 50;NON;PEUGEOT;ELYSTAR 125;Deux roues;2007;SP95;22696;Km;5446;NON;;;;;;5446;;;
LastName  126;FirstName  126;Site 1;Entity 1;Department 1;Business unit 2;Service 8;Project 18;Team 24;217 DUO 37;NON;RENAULT;KANGOO;Utilitaire léger;2000;SP95;87231;Km;10535;OUI;2;8.398678414096917;16.797356828193834;227;3813;6722;;;
LastName  127;FirstName  127;Site 1;Entity 1;Department 1;Business unit 2;Service 8;Project 18;Team 24;PD 098 OL;NON;RENAULT;NACELLE;POIDS LOURD ;1999;Gasoil;94642;Heures;6736;NON;;;;;;6736;;;
LastName  128;FirstName  128;Site 1;Entity 1;Department 1;Business unit 2;Service 8;Project 18;Team 24;ZQ 336 OD;NON;VOLKSWAGEN;GNV CADDY VAN;Utilitaire léger;2009;GNV;50818;Km;22639;OUI;2;31.530837004405285;63.06167400881057;227;14315;8324;;;
LastName  129;FirstName  129;Site 1;Entity 1;Department 1;Business unit 2;Service 8;Project 18;;21 HXE 45;NON;FIAT;GNV PUNTO;Véhicule léger;2010;GNV;26929;Km;9345;OUI;2;3.8348017621145374;7.669603524229075;227;1741;7604;;;
LastName  130;FirstName  130;Site 1;Entity 1;Department 1;Business unit 2;Service 8;Project 18;Team 25;343 EWN 29;NON;PEUGEOT;VIVACITY 100;Deux roues;2003;SP95;7743;Km;10302;OUI;2;14.37885462555066;28.75770925110132;227;6528;3774;;;
LastName  131;FirstName  131;Site 1;Entity 1;Department 1;Business unit 2;Service 8;Project 18;;959 EKM 18;NON;YAMAHA;XMAX;Deux roues;2013;SP95;8493;Km;3468;NON;;;;;;3468;;;
LastName  132;FirstName  132;Site 1;Entity 1;Department 1;Business unit 2;Service 8;Project 18;Team 26;WO 153 BP;NON;FIAT;GNV PUNTO;Véhicule léger;2011;GNV;34843;Km;13261;OUI;2;11.541850220264317;23.083700440528634;227;5240;8021;;;
LastName  133;FirstName  133;Site 1;Entity 1;Department 1;Business unit 2;Service 8;Project 18;Team 27;WJ 704 VN;NON;VOLKSWAGEN;GNV CADDY VAN;Utilitaire léger;2011;GNV;35479;Km;14039;OUI;2;5.960352422907489;11.920704845814978;227;2706;11333;;;
LastName  134;FirstName  134;Site 1;Entity 1;Department 1;Business unit 2;Service 8;Project 19;;624 NQM 38;NON;PEUGEOT;ELYSTAR 125;Deux roues;2006;SP95;22003;Km;4245;NON;;;;;;4245;;;
LastName  135;FirstName  135;Site 1;Entity 1;Department 1;Business unit 2;Service 8;Project 19;Team 28;VM 624 ZV;NON;FIAT;GNV DOBLO;Utilitaire léger;2010;GNV;13252;Km;231;NON;;;;;;231;;;
LastName  136;FirstName  136;Site 1;Entity 1;Department 1;Business unit 2;Service 8;;;757 BLG 53;NON;RENAULT;CLIO;Véhicule léger;1998;SP95;134662;Km;13472;OUI;2;0.24669603524229075;0.4933920704845815;227;112;13360;;;
LastName  137;FirstName  137;Site 1;Entity 1;Department 1;Business unit 2;Service 8;Project 20;Team 29;CH 423 UM;NON;FIAT;DUCATO;Utilitaire;2013;Gasoil;16515;Km;5340;NON;;;;;;5340;;;
LastName  138;FirstName  138;Site 1;Entity 1;Department 1;Business unit 2;Service 9;Project 21;Team 30;253 OOK 90;NON;RENAULT;TRAFIC;Utilitaire;2012;Gasoil;58970;Km;8175;NON;;;;;;8175;;;
LastName  139;FirstName  139;Site 1;Entity 1;Department 1;Business unit 2;Service 9;Project 21;Team 30;474 HLE 27;OUI;PIAGGIO;GPL PORTER;Utilitaire léger;2009;GPL;45731;Km;9096;NON;;;;;;9096;;;
LastName  140;FirstName  140;Site 1;Entity 1;Department 1;Business unit 2;Service 9;Project 21;Team 30;129 YCM 58;NON;NISSAN;CABSTAR TRIBENNE;Utilitaire;1997;Gasoil;84895;Km;8905;NON;;;;;;8905;;;
LastName  141;FirstName  141;Site 1;Entity 1;Department 1;Business unit 2;Service 9;Project 21;Team 30;SH 908 QF;NON;NISSAN;CABSTAR GRUE;Utilitaire;2013;Gasoil;40142;Km;11972;NON;;;;;;11972;;;
LastName  142;FirstName  142;Site 1;Entity 1;Department 1;Business unit 2;Service 9;Project 21;Team 30;SU 902 XC;NON;FIAT;DOBLO WORK-UP;Utilitaire léger;2013;Gasoil;4743;Km;8167;NON;;;;;;8167;;;
LastName  143;FirstName  143;Site 1;Entity 1;Department 1;Business unit 2;Service 9;Project 21;Team 31;367 AXE 69;NON;RENAULT;HYDROCUREUR;POIDS LOURD ;2011;Gasoil;38088;Heures;12391;NON;;;;;;12391;;;
LastName  144;FirstName  144;Site 1;Entity 1;Department 1;Business unit 2;Service 9;Project 21;Team 31;507 LLD 49;NON;CITROEN;JUMPY;Utilitaire léger;2013;Gasoil;48566;Km;11471;NON;;;;;;11471;;;
LastName  145;FirstName  145;Site 1;Entity 1;Department 1;Business unit 2;Service 9;Project 21;Team 31;961 TYW 99;NON;RENAULT;MASCOTT;POIDS LOURD ;1999;Gasoil;129394;Km;12648;NON;;;;;;12648;;;
LastName  146;FirstName  146;Site 1;Entity 1;Department 1;Business unit 2;Service 9;Project 21;Team 31;OS 830 HX;NON;CITROEN;JUMPER PLATEAU;Utilitaire;2004;Gasoil;29018;Km;3600;NON;;;;;;3600;;;
LastName  147;FirstName  147;Site 1;Entity 1;Department 1;Business unit 2;Service 9;Project 21;;PX 601 JG;NON;FIAT;GNV DOBLO;Utilitaire léger;2011;GNV;9665;Km;6000;OUI;2;0.00881057268722467;0.01762114537444934;227;4;5996;;;
LastName  148;FirstName  148;Site 1;Entity 1;Department 1;Business unit 2;Service 9;Project 22;;962 IDO 57;NON;YAMAHA;XMAX;Deux roues;2005;SP95;25197;Km;4289;NON;;;;;;4289;;;
LastName  149;FirstName  149;Site 1;Entity 1;Department 1;Business unit 2;Service 9;Project 22;Team 32;590 BLW 78;NON;RENAULT;KANGOO;Utilitaire léger;1998;SP95;99370;Km;12843;OUI;2;0.788546255506608;1.577092511013216;227;358;12485;;;
LastName  150;FirstName  150;Site 1;Entity 1;Department 1;Business unit 2;Service 9;Project 23;;09 MTX 23;NON;FIAT;GNV PUNTO;Véhicule léger;2011;GNV;162401;Km;35461;NON;;;;;;35461;;;
LastName  151;FirstName  151;Site 1;Entity 1;Department 1;Business unit 2;Service 9;Project 24;;007 JPC 98;NON;RENAULT;TWINGO;Véhicule léger;2008;SP95;32725;Km;7743;OUI;2;0.8171806167400881;1.6343612334801763;227;371;7372;;;
LastName  152;FirstName  152;Site 1;Entity 1;Department 1;Business unit 2;Service 9;;;642 VGI 42;NON;RENAULT;CLIO;Véhicule léger;2001;SP95;106182;Km;10122;NON;;;;;;10122;;;
LastName  153;FirstName  153;Site 1;Entity 1;Department 1;Business unit 2;Service 9;;;IMK PUIKKYX;NON;KUBOTA ;BOBCAT 463;Spécifique;2010;Gazoil;;Km;5400;NON;;;;;;5400;;;
LastName  154;FirstName  154;Site 1;Entity 1;Department 1;Business unit 2;Service 10;Project 25;Team 33;291 EWE 77;NON;TOYOTA;HILUX BENNE;Utilitaire léger;2002;Gasoil;154412;Km;18102;NON;;;;;;18102;;;
LastName  155;FirstName  155;Site 1;Entity 1;Department 1;Business unit 2;Service 10;Project 25;Team 33;140 ETM 13;OUI;RENAULT;GPL TWINGO;Véhicule léger;2002;GPL;69779;Km;11295;OUI;2;4.8017621145374445;9.603524229074889;227;2180;9115;;;
LastName  156;FirstName  156;Site 1;Entity 1;Department 1;Business unit 2;Service 10;Project 25;Team 33;083 MRT 55;NON;RENAULT;KANGOO;Utilitaire léger;2002;SP95;96785;Km;6881;NON;;;;;;6881;;;
LastName  157;FirstName  157;Site 1;Entity 1;Department 1;Business unit 2;Service 10;Project 25;Team 33;NN 341 YF;NON;CITROEN;JUMPER PLATEAU;Utilitaire;2013;Gasoil;38721;Km;7347;NON;;;;;;7347;;;
LastName  158;FirstName  158;Site 1;Entity 1;Department 1;Business unit 2;Service 10;Project 25;Team 34;425 XYF 66;NON;RENAULT;TWINGO;Véhicule léger;2001;SP95;92261;Km;9640;OUI;2;8.722466960352422;17.444933920704845;227;3960;5680;;;
LastName  159;FirstName  159;Site 1;Entity 1;Department 1;Business unit 2;Service 10;Project 25;;942 AHQ 07;NON;RENAULT;TWINGO;Véhicule léger;2003;SP95;111232;Km;11339;OUI;2;17.76;35.52;200;7104;4235;;;
LastName  160;FirstName  160;Site 1;Entity 1;Department 1;Business unit 2;Service 10;Project 26;Team 35;84 FTN 91;NON;FIAT;GNV PUNTO;Véhicule léger;2008;GNV;36978;Km;6286;OUI;2;0.11894273127753303;0.23788546255506607;227;54;6232;;;
LastName  161;FirstName  161;Site 1;Entity 1;Department 1;Business unit 2;Service 10;Project 26;Team 35;893 SXJ 43;NON;YAMAHA;XMAX;Deux roues;2011;SP95;28324;Km;12912;NON;;;;;;12912;;;
LastName  162;FirstName  162;Site 1;Entity 1;Department 1;Business unit 2;Service 10;Project 26;;53 OVE 78;NON;FIAT;GNV PUNTO;Véhicule léger;2005;GNV;31706;Km;13012;OUI;2;14.799559471365638;29.599118942731277;227;6719;6293;;;
LastName  163;FirstName  163;Site 1;Entity 1;Department 1;Business unit 2;Service 10;Project 26;Team 36;141 DCE 64;OUI;RENAULT;GPL TWINGO;Véhicule léger;2005;GPL;93941;Km;9700;NON;;;;;;9700;;;
LastName  164;FirstName  164;Site 1;Entity 1;Department 1;Business unit 2;Service 10;Project 27;;973 UMA 86;OUI;RENAULT;GPL TWINGO;Véhicule léger;2002;GPL;50100;Km;10995;NON;;;;;;10995;;;
LastName  165;FirstName  165;Site 1;Entity 1;Department 1;Business unit 2;Service 10;;;MS 144 XE;NON;FIAT;GNV PUNTO;Véhicule léger;2011;GNV;29928;Km;9961;OUI;2;1.222466960352423;2.444933920704846;227;555;9406;;;
LastName  166;FirstName  166;Site 1;Entity 1;Department 1;Business unit 2;Service 11;Project 28;Team 37;680 JRO 84;NON;LAND-ROVER;BAROCLEAN HYDROCUREUR;Utilitaire;2006;Gasoil;101802;Heures;13060;NON;;;;;;13060;;;
LastName  167;FirstName  167;Site 1;Entity 1;Department 1;Business unit 2;Service 11;Project 29;Team 38;800 KSO 08;NON;CITROEN;JUMPY;Utilitaire léger;2003;Gasoil;45748;Km;16690;NON;;;;;;16690;;;
LastName  168;FirstName  168;Site 1;Entity 1;Department 1;Business unit 2;Service 12;Project 30;;758 OTQ 85;OUI;RENAULT;GPL KANGOO;Utilitaire léger;2006;GPL;71667;Km;11248;NON;;;;;;11248;;;
LastName  169;FirstName  169;Site 1;Entity 1;Department 1;Business unit 2;Service 12;Project 30;;479 IYD 60;NON;RENAULT;KANGOO;Utilitaire léger;2001;Gasoil;84750;Km;13960;OUI;2;18.698237885462554;37.39647577092511;227;8489;5471;;;
LastName  170;FirstName  170;Site 1;Entity 1;Department 1;Business unit 2;Service 13;;;53 AFP 61;OUI;RENAULT;GPL CLIO;Véhicule léger;1999;GPL;317895;Km;28003;OUI;2;40.94493392070485;81.8898678414097;227;18589;9414;;;
LastName  171;FirstName  171;Site 1;Entity 1;Department 1;Business unit 2;;;;816 EOY 99;OUI;RENAULT;GPL CLIO;Véhicule léger;1999;GPL;88804;Km;9398;OUI;2;9.854625550660794;19.709251101321588;227;4474;4924;;;
LastName  172;FirstName  172;Site 1;Entity 1;Department 1;Business unit 2;;;;082 DWK 38;NON;RENAULT;CLIO;Véhicule léger;2006;SP95;38137;Km;7250;OUI;2;1.8766519823788546;3.753303964757709;227;852;6398;;;
LastName  173;FirstName  173;Site 1;Entity 1;Department 1;Business unit 3;Service 14;Project 31;Team 39;533 QZD 42;NON;RENAULT;TRAFIC;Utilitaire;2013;Gasoil;128666;Km;12785;NON;;;;;;12785;;;
LastName  174;FirstName  174;Site 1;Entity 1;Department 1;Business unit 3;Service 14;Project 31;Team 39;379 XYX 33;NON;YAMAHA;CYNUS 125;Deux roues;1999;SP95;20616;Km;5263;NON;;;;;;5263;;;
LastName  175;FirstName  175;Site 1;Entity 1;Department 1;Business unit 3;Service 14;Project 31;Team 39;834 BGE 05;NON;RENAULT;MASTER;Utilitaire;2011;Gasoil;62620;Km;12764;NON;;;;;;12764;;;
LastName  176;FirstName  176;Site 1;Entity 1;Department 1;Business unit 3;Service 14;Project 31;Team 39;YZ 694 HF;NON;YAMAHA;XT 125;Deux roues;2011;SP95;15668;Km;4319;NON;;;;;;4319;;;
LastName  177;FirstName  177;Site 1;Entity 1;Department 1;Business unit 3;Service 14;Project 31;Team 39;BB 113 AR;NON;RENAULT;CLIO ESTATE;Véhicule léger;2008;Gasoil;21045;Km;13924;NON;;;;;;13924;;;
LastName  178;FirstName  178;Site 1;Entity 1;Department 1;Business unit 3;Service 14;Project 31;Team 39;OF 352 BE;NON;YAMAHA;XMAX;Deux roues;2013;SP95;8953;Km;191;NON;;;;;;191;;;
LastName  179;FirstName  179;Site 1;Entity 1;Department 1;Business unit 3;Service 14;Project 31;Team 39;ZM 366 IY;NON;YAMAHA;XMAX;Deux roues;2013;SP95;12845;Km;7179;NON;;;;;;7179;;;
LastName  180;FirstName  180;Site 1;Entity 1;Department 1;Business unit 3;Service 14;Project 31;Team 39;ZZ 285 PV;NON;YAMAHA;XMAX;Deux roues;2011;SP95;2558;Km;6844;NON;;;;;;6844;;;
LastName  181;FirstName  181;Site 1;Entity 1;Department 1;Business unit 3;Service 14;Project 31;Team 39;DY 505 HC;NON;YAMAHA;XMAX;Deux roues;2013;SP95;668;Km;5353;NON;;;;;;5353;;;
LastName  182;FirstName  182;Site 1;Entity 1;Department 1;Business unit 3;Service 14;Project 31;Team 40;13 AYB 09;NON;YAMAHA;CYNUS 125;Deux roues;2005;SP95;94935;Km;10593;NON;;;;;;10593;;;
LastName  183;FirstName  183;Site 1;Entity 1;Department 1;Business unit 3;Service 14;Project 31;Team 40;318 TSX 85;NON;RENAULT;CLIO;Véhicule léger;2007;SP95;102230;Km;13432;NON;;;;;;13432;;;
LastName  184;FirstName  184;Site 1;Entity 1;Department 1;Business unit 3;Service 14;Project 31;Team 40;935 NQJ 07;NON;YAMAHA;CYNUS 125;Deux roues;2003;SP95;26192;Km;2399;NON;;;;;;2399;;;
LastName  185;FirstName  185;Site 1;Entity 1;Department 1;Business unit 3;Service 14;Project 31;Team 40;BF 575 CT;NON;YAMAHA;XMAX;Deux roues;2010;SP95;14655;Km;6787;NON;;;;;;6787;;;
LastName  186;FirstName  186;Site 1;Entity 1;Department 1;Business unit 3;Service 14;Project 31;Team 40;NM 613 YY;NON;YAMAHA;XMAX;Deux roues;2006;SP95;9199;Km;6632;NON;;;;;;6632;;;
LastName  187;FirstName  187;Site 1;Entity 1;Department 1;Business unit 3;Service 14;Project 31;Team 40;WT 512 CM;NON;YAMAHA;XMAX;Deux roues;2010;SP95;5623;Km;6341;NON;;;;;;6341;;;
LastName  188;FirstName  188;Site 1;Entity 1;Department 1;Business unit 3;Service 14;Project 31;Team 40;AP 781 WH;NON;YAMAHA;XMAX;Deux roues;2010;SP95;4224;Km;5503;NON;;;;;;5503;;;
LastName  189;FirstName  189;Site 1;Entity 1;Department 1;Business unit 3;Service 14;Project 31;Team 41;KX 800 G;NON;MBK;FLEEPER 50;Deux roues;2009;SP95;14978;Km;9022;NON;;;;;;9022;;;
LastName  190;FirstName  190;Site 1;Entity 1;Department 1;Business unit 3;Service 14;Project 31;Team 41;YW 425 HR;NON;YAMAHA;XMAX;Deux roues;2011;SP95;7868;Km;10175;NON;;;;;;10175;;;
LastName  191;FirstName  191;Site 1;Entity 1;Department 1;Business unit 3;Service 14;Project 31;Team 41;CA 761 ZX;NON;YAMAHA;XMAX;Deux roues;2013;SP95;8792;Km;9682;NON;;;;;;9682;;;
LastName  192;FirstName  192;Site 1;Entity 1;Department 1;Business unit 3;Service 14;Project 31;Team 41;NH 851 VC;NON;RENAULT;CLIO ESTATE;Véhicule léger;2011;Gasoil;19792;Km;11146;NON;;;;;;11146;;;
LastName  193;FirstName  193;Site 1;Entity 1;Department 1;Business unit 3;Service 14;Project 31;Team 41;RA 756 GD;NON;RENAULT;CLIO ESTATE;Véhicule léger;2013;Gasoil;28089;Km;13135;NON;;;;;;13135;;;
LastName  194;FirstName  194;Site 1;Entity 1;Department 1;Business unit 3;Service 14;Project 31;Team 41;WD 692 HH;NON;RENAULT;CLIO ESTATE;Véhicule léger;2013;Gasoil;36363;Km;17920;NON;;;;;;17920;;;
LastName  195;FirstName  195;Site 1;Entity 1;Department 1;Business unit 3;Service 14;Project 31;Team 42;220 MCL 28;NON;PEUGEOT;ELYSEO 125;Deux roues;2006;SP95;8797;Km;5718;NON;;;;;;5718;;;
LastName  196;FirstName  196;Site 1;Entity 1;Department 1;Business unit 3;Service 14;Project 31;Team 42;671 YZT 84;NON;YAMAHA;CYNUS 125;Deux roues;2001;SP95;28007;Km;9944;NON;;;;;;9944;;;
LastName  197;FirstName  197;Site 1;Entity 1;Department 1;Business unit 3;Service 14;Project 31;Team 42;126 CCZ 56;NON;YAMAHA;CYNUS 125;Deux roues;2004;SP95;27202;Km;365;NON;;;;;;365;;;
LastName  198;FirstName  198;Site 1;Entity 1;Department 1;Business unit 3;Service 14;Project 31;Team 42;UO 384 SB;NON;YAMAHA;XT 125;Deux roues;2012;SP95;18845;Km;5031;NON;;;;;;5031;;;
LastName  199;FirstName  199;Site 1;Entity 1;Department 1;Business unit 3;Service 14;Project 31;Team 43;583 VOI 67;NON;YAMAHA;XMAX;Deux roues;2013;SP95;9591;Km;7442;NON;;;;;;7442;;;
LastName  200;FirstName  200;Site 1;Entity 1;Department 1;Business unit 3;Service 14;Project 31;Team 43;LQ 976 FO;NON;YAMAHA;XMAX;Deux roues;2012;SP95;3961;Km;2613;NON;;;;;;2613;;;
LastName  201;FirstName  201;Site 1;Entity 1;Department 1;Business unit 3;Service 14;Project 31;Team 43;PK 626 ID;NON;YAMAHA;XMAX;Deux roues;2007;SP95;18133;Km;4994;NON;;;;;;4994;;;
LastName  202;FirstName  202;Site 1;Entity 1;Department 1;Business unit 3;Service 14;Project 31;Team 43;VB 006 XL;NON;RENAULT;CLIO ESTATE;Véhicule léger;2012;Gasoil;16655;Km;6511;NON;;;;;;6511;;;
LastName  203;FirstName  203;Site 1;Entity 1;Department 1;Business unit 3;Service 14;Project 31;Team 44;299 GNE 77;NON;YAMAHA;TDM 900;Deux roues;2010;SP95;49225;Km;9608;NON;;;;;;9608;;;
LastName  204;FirstName  204;Site 1;Entity 1;Department 1;Business unit 3;Service 14;Project 31;Team 44;226 FQA 30;NON;YAMAHA;TDM 900;Deux roues;2005;SP95;45512;Km;15858;NON;;;;;;15858;;;
LastName  205;FirstName  205;Site 1;Entity 1;Department 1;Business unit 3;Service 14;Project 31;Team 44;LV 218 QO;NON;BMW;R 850 R;Deux roues;2003;SP95;140918;Km;16101;NON;;;;;;16101;;;
LastName  206;FirstName  206;Site 1;Entity 1;Department 1;Business unit 3;Service 14;Project 31;;NP 730 TR;NON;YAMAHA;XT 125;Deux roues;2010;SP95;8677;Km;9615;NON;;;;;;9615;;;
LastName  207;FirstName  207;Site 1;Entity 1;Department 1;Business unit 3;Service 14;Project 31;Team 45;WJ 685 MM;NON;YAMAHA;XMAX;Deux roues;2013;SP95;;Km;3948;NON;;;;;;3948;;;
LastName  208;FirstName  208;Site 1;Entity 1;Department 1;Business unit 3;Service 14;Project 32;Team 46;382 VLI 28;NON;PEUGEOT;ELYSEO 125;Deux roues;2006;SP95;23941;Km;7196;NON;;;;;;7196;;;
LastName  209;FirstName  209;Site 1;Entity 1;Department 1;Business unit 3;Service 14;Project 32;Team 46;640 IRV 58;NON;PEUGEOT;ELYSEO 125;Deux roues;2007;SP95;20818;Km;4299;NON;;;;;;4299;;;
LastName  210;FirstName  210;Site 1;Entity 1;Department 1;Business unit 3;Service 14;Project 32;Team 46;085 AQP 70;NON;PEUGEOT;ELYSEO 100;Deux roues;1999;SP95;25030;Km;6421;NON;;;;;;6421;;;
LastName  211;FirstName  211;Site 1;Entity 1;Department 1;Business unit 3;Service 14;Project 32;Team 46;570 ALG 90;NON;PEUGEOT;ELYSEO 100;Deux roues;2008;SP95;30561;Km;9767;NON;;;;;;9767;;;
LastName  212;FirstName  212;Site 1;Entity 1;Department 1;Business unit 3;Service 14;Project 32;Team 46;301 ITF 60;NON;PEUGEOT;PARTNER;Utilitaire léger;1999;SP95;92526;Km;11676;NON;;;;;;11676;;;
LastName  213;FirstName  213;Site 1;Entity 1;Department 1;Business unit 3;Service 14;Project 32;Team 46;PS 148 D;NON;MBK;FLEEPER 50;Deux roues;2005;SP95;5195;Km;6875;NON;;;;;;6875;;;
LastName  214;FirstName  214;Site 1;Entity 1;Department 1;Business unit 3;Service 14;Project 32;Team 46;TH 059 K;NON;MBK;FLEEPER 50;Deux roues;2005;SP95;8244;Km;281;NON;;;;;;281;;;
LastName  215;FirstName  215;Site 1;Entity 1;Department 1;Business unit 3;Service 14;Project 32;;JR 010 GS;NON;YAMAHA;XT 125;Deux roues;2006;SP95;12112;Km;1646;NON;;;;;;1646;;;
LastName  216;FirstName  216;Site 1;Entity 1;Department 1;Business unit 3;Service 14;Project 32;Team 47;TA 270 VS;NON;YAMAHA;XT 125;Deux roues;2009;SP95;8296;Km;3727;NON;;;;;;3727;;;
LastName  217;FirstName  217;Site 1;Entity 1;Department 1;Business unit 3;Service 14;;;635 FGJ 89;NON;YAMAHA;CYNUS 125;Deux roues;2002;SP95;20921;Km;9103;NON;;;;;;9103;;;
LastName  218;FirstName  218;Site 1;Entity 1;Department 1;Business unit 3;Service 14;;;BX 267 MB;NON;YAMAHA;XT 125;Deux roues;2009;SP95;11902;Km;4514;NON;;;;;;4514;;;
LastName  219;FirstName  219;Site 1;Entity 1;Department 1;Business unit 3;Service 14;Project 33;Team 48;MS 365 US;NON;RENAULT;MEGANE;Véhicule léger;2007;Gasoil;95866;Km;24457;NON;;;;;;24457;;;
LastName  220;FirstName  220;Site 1;Entity 1;Department 1;Business unit 3;Service 14;;;SU 642 HH;NON;RENAULT;CLIO ;Véhicule léger;2013;Gasoil;7121;Km;12841;NON;;;;;;12841;;;
LastName  221;FirstName  221;Site 1;Entity 1;Department 1;Business unit 3;Service 15;Project 34;;591 SSB 34;NON;PEUGEOT;ELYSEO 125;Deux roues;2004;SP95;2566;Km;4581;OUI;2;20.3;40.6;60;2436;2145;;;
LastName  222;FirstName  222;Site 1;Entity 1;Department 1;Business unit 3;Service 15;Project 34;;567 HUH 20;NON;PEUGEOT;ELYSEO 125;Deux roues;2004;SP95;23016;Km;8648;OUI;2;9.354625550660794;18.709251101321588;227;4247;4401;;;
LastName  223;FirstName  223;Site 1;Entity 1;Department 1;Business unit 3;Service 15;Project 35;;239 POR 38;NON;RENAULT;TWINGO;Véhicule léger;2002;SP95;73645;Km;12319;OUI;2;0.9559471365638766;1.9118942731277533;227;434;11885;;;
LastName  224;FirstName  224;Site 1;Entity 1;Department 1;Business unit 3;Service 15;Project 36;;464 TIL 97;NON;RENAULT;GPL TWINGO;Véhicule léger;2002;GPL;42970;Km;4688;OUI;2;4.0475;8.095;200;1619;3069;;;
LastName  225;FirstName  225;Site 1;Entity 1;Department 1;Business unit 3;Service 16;;;537 GZS 96;NON;LAND ROVER;DEFENDER;Utilitaire;2010;Gasoil;87661;Km;11785;NON;;;;;;11785;;;
LastName  226;FirstName  226;Site 1;Entity 1;Department 1;Business unit 3;Service 16;;;BA 444 VT;NON;DACIA;DUSTER;Véhicule léger;2013;Gasoil;;Km;6329;NON;;;;;;6329;;;
LastName  227;FirstName  227;Site 1;Entity 1;Department 1;Business unit 3;Service 16;;;HNN AZPECEG;NON;ARGO;VEHICULE AMPHIBIE;Spécifique;NaN;SP 95;5876;Km;2730;NON;;;;;;2730;;;
LastName  228;FirstName  228;Site 1;Entity 1;Department 1;Business unit 3;Service 17;Project 37;;118 YIG 56;NON;RENAULT;TWINGO;Véhicule léger;2009;SP95;66917;Km;8372;NON;;;;;;8372;;;
LastName  229;FirstName  229;Site 1;Entity 1;Department 1;Business unit 3;Service 17;;;RN 339 VJ;NON;YAMAHA;XT 125;Deux roues;2013;SP95;6338;Km;;NON;;;;;;;;;
LastName  230;FirstName  230;Site 1;Entity 1;Department 1;Business unit 3;;;;251 AZT 64;NON;RENAULT;CLIO;Véhicule léger;2002;SP95;42112;Km;5979;OUI;2;1.86784140969163;3.73568281938326;227;848;5131;;;
LastName  231;FirstName  231;Site 1;Entity 1;Department 1;Business unit 4;Service 18;Project 38;Team 49;586 VMA 30;NON;TOYOTA;HYDROCUREUR;Utilitaire;2006;Gasoil;104854;Heures;9389;NON;;;;;;9389;;;
LastName  232;FirstName  232;Site 1;Entity 1;Department 1;Business unit 4;Service 18;Project 38;Team 49;307 ZKX 12;NON;RENAULT;RVI-HUWER HYDROCUREUR;POIDS LOURD ;2004;Gasoil;82491;Heures;10046;NON;;;;;;10046;;;
LastName  233;FirstName  233;Site 1;Entity 1;Department 1;Business unit 4;Service 18;Project 38;Team 49;950 AVF 00;NON;PEUGEOT;PARTNER;Utilitaire léger;2010;SP95;53085;Km;12827;OUI;2;4.381057268722467;8.762114537444933;227;1989;10838;;;
LastName  234;FirstName  234;Site 1;Entity 1;Department 1;Business unit 4;Service 18;Project 38;Team 49;697 JOY 95;NON;TOYOTA;HILUX BENNE;Utilitaire léger;2002;Gasoil;112354;Km;10852;NON;;;;;;10852;;;
LastName  235;FirstName  235;Site 1;Entity 1;Department 1;Business unit 4;Service 18;Project 38;Team 49;IG 573 JT;NON;LAND-ROVER;DEFENDER HYDROCUREUR;Utilitaire;2009;Gasoil;66308;Km;19554;NON;;;;;;19554;;;
LastName  236;FirstName  236;Site 1;Entity 1;Department 1;Business unit 4;Service 18;Project 38;Team 49;GD 915 GN;NON;LAND ROVER;DEFENDER;Utilitaire;2008;Gasoil;24979;Km;16369;NON;;;;;;16369;;;
LastName  237;FirstName  237;Site 1;Entity 1;Department 1;Business unit 4;Service 18;Project 38;Team 49;QA 642 OF;NON;MERCEDES BENZ;HYDROCUREUR;POIDS LOURD ;1993;Gasoil;20975;Heures;6239;NON;;;;;;6239;;;
LastName  238;FirstName  238;Site 1;Entity 1;Department 1;Business unit 4;Service 18;Project 38;Team 50;866 ROS 67;NON;RENAULT;KANGOO;Utilitaire léger;2005;SP95;100076;Km;13581;OUI;2;12.473568281938325;24.94713656387665;227;5663;7918;;;
LastName  239;FirstName  239;Site 1;Entity 1;Department 1;Business unit 4;Service 18;Project 38;Team 50;VX 090 PD;NON;LAND ROVER;DEFENDER;Utilitaire;2009;Gasoil;23766;Km;9716;OUI;2;2.8480176211453743;5.6960352422907485;227;1293;8423;;;
LastName  240;FirstName  240;Site 1;Entity 1;Department 1;Business unit 4;Service 18;Project 38;Team 51;185 JIB 73;OUI;RENAULT;GPL KANGOO;Utilitaire léger;2007;GPL;85272;Km;11819;OUI;2;5.722466960352423;11.444933920704846;227;2598;9221;;;
LastName  241;FirstName  241;Site 1;Entity 1;Department 1;Business unit 4;Service 18;Project 38;Team 51;600 URK 89;NON;NISSAN;CABSTAR GRUE;Utilitaire;2001;Gasoil;44883;Km;8491;NON;;;;;;8491;;;
LastName  242;FirstName  242;Site 1;Entity 1;Department 1;Business unit 4;Service 18;Project 38;Team 52;535 SKN 88;NON;PEUGEOT;PARTNER;Utilitaire léger;2004;SP95;86666;Km;16227;OUI;2;21.658590308370044;43.31718061674009;227;9833;6394;;;
LastName  243;FirstName  243;Site 1;Entity 1;Department 1;Business unit 4;Service 18;Project 38;;817 HEM 99;NON;CITROEN;BERLINGO;Utilitaire léger;2010;SP95;33389;Km;10030;OUI;2;10.231277533039648;20.462555066079297;227;4645;5385;;;
LastName  244;FirstName  244;Site 1;Entity 1;Department 1;Business unit 4;Service 18;Project 38;Team 53;153 SKK 60;NON;PEUGEOT;PARTNER;Utilitaire léger;2010;SP95;41831;Km;10081;OUI;2;7.165198237885463;14.330396475770925;227;3253;6828;;;
LastName  245;FirstName  245;Site 1;Entity 1;Department 1;Business unit 4;Service 18;Project 38;Team 54;TK 209 UG;NON;LAND ROVER;DEFENDER;Utilitaire;2013;Gasoil;8215;Km;7923;NON;;;;;;7923;;;
LastName  246;FirstName  246;Site 1;Entity 1;Department 1;Business unit 4;Service 18;Project 38;Team 55;YR 110 EE;NON;FIAT ;GNV FIORINO;Utilitaire léger;2011;GNV;11287;Km;7560;NON;;;;;;7560;;;
LastName  247;FirstName  247;Site 1;Entity 1;Department 1;Business unit 4;Service 18;Project 38;Team 56;BH 968 YI;NON;FIAT ;GNV FIORINO;Utilitaire léger;2013;GNV;21408;Km;9645;NON;;;;;;9645;;;
LastName  248;FirstName  248;Site 1;Entity 1;Department 1;Business unit 4;Service 18;Project 39;Team 57;97 GYE 33;NON;CITROEN;JUMPY;Utilitaire léger;2013;Gasoil;41693;Km;11360;NON;;;;;;11360;;;
LastName  249;FirstName  249;Site 1;Entity 1;Department 1;Business unit 4;Service 18;Project 39;Team 58;708 QSC 37;NON;RENAULT;TRAFIC;Utilitaire;2004;Gasoil;65883;Km;11999;NON;;;;;;11999;;;
LastName  250;FirstName  250;Site 1;Entity 1;Department 1;Business unit 4;Service 18;Project 39;Team 59;203 KOO 70;NON;CITROEN;JUMPY;Utilitaire léger;2012;Gasoil;97175;Km;11045;NON;;;;;;11045;;;
LastName  251;FirstName  251;Site 1;Entity 1;Department 1;Business unit 4;Service 18;Project 39;;TI 509 NH;NON;CITROEN;GNV BERLINGO;Utilitaire léger;2008;GNV;27995;Km;7718;OUI;2;5.977973568281938;11.955947136563877;227;2714;5004;;;
LastName  252;FirstName  252;Site 1;Entity 1;Department 1;Business unit 4;Service 18;;;276 OPJ 28;OUI;RENAULT;GPL TWINGO;Véhicule léger;2001;GPL;85807;Km;15645;OUI;2;17.7625;35.525;200;7105;8540;;;
LastName  253;FirstName  253;Site 1;Entity 1;Department 1;Business unit 4;Service 19;Project 40;;11 AIW 31;NON;RENAULT;KANGOO;Utilitaire léger;2008;SP95;90365;Km;14456;OUI;2;2.7246696035242293;5.4493392070484585;227;1237;13219;;;
LastName  254;FirstName  254;Site 1;Entity 1;Department 1;Business unit 4;Service 19;;Team 60;81 MKV 63;NON;RENAULT;KANGOO;Utilitaire léger;2013;SP95;52648;Km;10062;OUI;2;3.359030837004405;6.71806167400881;227;1525;8537;;;
LastName  255;FirstName  255;Site 1;Entity 1;Department 1;Business unit 4;Service 19;;;092 QDD 86;OUI;RENAULT;GPL KANGOO;Utilitaire léger;2003;GPL;29757;Km;7388;OUI;2;0.1762114537444934;0.3524229074889868;227;80;7308;;;
LastName  256;FirstName  256;Site 1;Entity 1;Department 1;Business unit 4;Service 19;;;965 MOS 52;OUI;RENAULT;GPL KANGOO;Utilitaire léger;2005;GPL;115771;Km;19067;OUI;2;20.17180616740088;40.34361233480176;227;9158;9909;;;
LastName  257;FirstName  257;Site 1;Entity 1;Department 1;Business unit 4;Service 20;;;734 NWZ 23;OUI;RENAULT;GPL KANGOO;Utilitaire léger;2003;GPL;26177;Km;6063;OUI;2;25.3;50.6;70;3542;2521;;;
LastName  258;FirstName  258;Site 1;Entity 1;Department 1;Business unit 4;Service 20;Project 41;;363 KMX 43;OUI;RENAULT;GPL KANGOO;Utilitaire léger;2006;GPL;103394;Km;14963;OUI;2;17.348017621145374;34.69603524229075;227;7876;7087;;;
LastName  259;FirstName  259;Site 1;Entity 1;Department 1;Business unit 4;;;;47 BFJ 81;NON;RENAULT;KANGOO;Utilitaire léger;2004;SP95;42883;Km;10580;NON;;;;;;10580;;;
LastName  260;FirstName  260;Site 1;Entity 1;Department 1;Business unit 4;;;;081 REW 25;NON;RENAULT;TWINGO;Véhicule léger;2003;SP95;86340;Km;14207;OUI;2;19.8475;39.695;200;7939;6268;;;
LastName  261;FirstName  261;Site 1;Entity 1;Department 1;Business unit 5;Service 21;Project 42;Team 61;211 NEX 66;NON;RENAULT;TWINGO;Véhicule léger;2004;SP95;15276;Km;5042;NON;;;;;;5042;;;
LastName  262;FirstName  262;Site 1;Entity 1;Department 1;Business unit 5;Service 22;;;236 ETY 79;NON;RENAULT;TWINGO;Véhicule léger;2006;SP95;59314;Km;14952;OUI;2;12.848017621145374;25.696035242290748;227;5833;9119;;;
LastName  263;FirstName  263;Site 1;Entity 1;Department 1;Business unit 5;;;;684 VHS 84;OUI;RENAULT;GPL KANGOO;Utilitaire léger;2006;GPL;38739;Km;11781;NON;;;;;;11781;;;
LastName  264;FirstName  264;Site 1;Entity 1;Department 1;Business unit 5;;;;036 HSP 33;OUI;RENAULT;GPL CLIO;Véhicule léger;1998;GPL;62314;Km;10035;OUI;2;7.21806167400881;14.43612334801762;227;3277;6758;;;
LastName  265;FirstName  265;Site 1;Entity 1;Department 1;Business unit 5;Service 23;;;EG 075 IB;NON;FIAT;GNV PUNTO;Véhicule léger;2013;GNV;13408;Km;5728;OUI;2;0.16519823788546256;0.3303964757709251;227;75;5653;;;
LastName  266;FirstName  266;Site 1;Entity 1;Department 1;Business unit 6;;;;876 HAZ 56;NON;RENAULT;TWINGO;Véhicule léger;2000;SP95;67719;Km;12385;OUI;2;9.786343612334802;19.572687224669604;227;4443;7942;;;
LastName  267;FirstName  267;Site 1;Entity 1;Department 1;Business unit 6;Service 24;;;342 YQI 58;NON;RENAULT;TWINGO;Véhicule léger;2005;SP95;69754;Km;7593;OUI;2;6.762114537444934;13.524229074889869;227;3070;4523;;;
LastName  268;FirstName  268;Site 1;Entity 1;Department 1;Business unit 6;Service 25;Project 43;;793 PCU 52;NON;PEUGEOT;ELYSTAR 125;Deux roues;2002;SP95;7222;Km;5488;NON;;;;;;5488;;;
LastName  269;FirstName  269;Site 1;Entity 1;Department 1;;;;;729 RZI 07;OUI;RENAULT;CLIO;Véhicule léger;2008;SP95;79823;Km;15172;OUI;2;10.73568281938326;21.47136563876652;227;4874;10298;;;
LastName  270;FirstName  270;Site 1;Entity 1;Department 2;Business unit 7;Service 26;Project 44;;852 QAO 00;NON;PEUGEOT;ELYSEO 125;Deux roues;2010;SP95;21668;Km;972;NON;;;;;;972;;;
LastName  271;FirstName  271;Site 1;Entity 1;Department 2;Business unit 7;Service 26;Project 44;;953 DFI 19;NON;RENAULT;KANGOO;Utilitaire léger;2003;Gasoil;93461;Km;15277;NON;;;;;;15277;;;
LastName  292;FirstName  292;Site 1;Entity 1;Department 2;Business unit 7;Service 26;;;JJ 711 KT;NON;PIAGGIO;TIPPER MAXI;Utilitaire léger;2013;SP95;15490;Km;4221;NON;;;;;;4221;;;
LastName  273;FirstName  273;Site 1;Entity 1;Department 2;Business unit 7;Service 26;;;851 GNL 98;NON;RENAULT;KANGOO;Utilitaire léger;2005;SP95;102730;Km;14295;NON;;;;;;14295;;;
LastName  274;FirstName  274;Site 1;Entity 1;Department 2;Business unit 7;Service 26;;;253 IZU 10;NON;RENAULT;TRAFIC;Utilitaire;2006;Gasoil;48625;Km;7191;NON;;;;;;7191;;;
LastName  275;FirstName  275;Site 1;Entity 1;Department 2;Business unit 7;Service 26;;;366 AIW 73;NON;PEUGEOT;PARTNER;Utilitaire léger;2009;SP95;115357;Km;17805;NON;;;;;;17805;;;
LastName  276;FirstName  276;Site 1;Entity 1;Department 2;Business unit 7;Service 26;;;696 IHQ 05;NON;PEUGEOT;PARTNER;Utilitaire léger;2008;SP95;79630;Km;8932;NON;;;;;;8932;;;
LastName  277;FirstName  277;Site 1;Entity 1;Department 2;Business unit 7;Service 26;;;58 TRO 30;NON;FIAT;GNV PUNTO;Véhicule léger;2005;GNV;54733;Km;14097;NON;;;;;;14097;;;
LastName  278;FirstName  278;Site 1;Entity 1;Department 2;Business unit 7;Service 26;;;854 GPH 13;NON;RENAULT;TRAFIC;Utilitaire;2005;Gasoil;67739;Km;13524;NON;;;;;;13524;;;
LastName  279;FirstName  279;Site 1;Entity 1;Department 2;Business unit 7;Service 26;;;175 SUI 44;NON;PIAGGIO;PORTER;Utilitaire léger;2002;SP95;72660;Km;4668;NON;;;;;;4668;;;
LastName  280;FirstName  280;Site 1;Entity 1;Department 2;Business unit 7;Service 26;;;480 GYW 43;NON;PIAGGIO;PORTER;Utilitaire léger;2009;SP95;59277;Km;10478;NON;;;;;;10478;;;
LastName  281;FirstName  281;Site 1;Entity 1;Department 2;Business unit 7;Service 26;;;673 LAT 23;NON;PEUGEOT;PARTNER;Utilitaire léger;2003;SP95;82138;Km;9429;NON;;;;;;9429;;;
LastName  272;FirstName  272;Site 1;Entity 1;Department 2;Business unit 7;Service 26;;;534 UMI 71;NON;RENAULT;KANGOO;Utilitaire léger;2006;SP95;67881;Km;7284;NON;;;;;;7284;;;
LastName  283;FirstName  283;Site 1;Entity 1;Department 2;Business unit 7;Service 26;;;793 CZD 43;NON;RENAULT;KANGOO;Utilitaire léger;2005;SP95;57213;Km;6347;NON;;;;;;6347;;;
LastName  284;FirstName  284;Site 1;Entity 1;Department 2;Business unit 7;Service 26;;;773 STR 73;NON;RENAULT;KANGOO;Utilitaire léger;1997;SP95;90482;Km;12421;NON;;;;;;12421;;;
LastName  285;FirstName  285;Site 1;Entity 1;Department 2;Business unit 7;Service 26;;;771 BRI 66;NON;RENAULT;KANGOO;Utilitaire léger;2005;SP95;101477;Km;9398;NON;;;;;;9398;;;
LastName  286;FirstName  286;Site 1;Entity 1;Department 2;Business unit 7;Service 26;;;806 UEN 81;NON;RENAULT;KANGOO;Utilitaire léger;2002;SP95;73936;Km;11651;NON;;;;;;11651;;;
LastName  287;FirstName  287;Site 1;Entity 1;Department 2;Business unit 7;Service 26;;;171 NBL 61;NON;RENAULT;KANGOO;Utilitaire léger;2009;SP95;85614;Km;15129;NON;;;;;;15129;;;
LastName  288;FirstName  288;Site 1;Entity 1;Department 2;Business unit 7;Service 26;;;671 NKD 91;OUI;RENAULT;GPL KANGOO;Utilitaire léger;2002;GPL;119740;Km;11256;NON;;;;;;11256;;;
LastName  289;FirstName  289;Site 1;Entity 1;Department 2;Business unit 7;Service 26;;;938 YCP 37;OUI;RENAULT;GPL KANGOO;Utilitaire léger;2000;GPL;42685;Km;8426;NON;;;;;;8426;;;
LastName  290;FirstName  290;Site 1;Entity 1;Department 2;Business unit 7;Service 26;;;AM 811 YZ;NON;NISSAN;CABSTAR BENNE;Utilitaire;2009;Gasoil;21869;Km;4994;NON;;;;;;4994;;;
LastName  291;FirstName  291;Site 1;Entity 1;Department 2;Business unit 7;Service 26;;;MY 283 FJ;NON;CITROEN;JUMPY;Utilitaire léger;2012;Gasoil;19008;Km;9583;NON;;;;;;9583;;;
LastName  282;FirstName  282;Site 1;Entity 1;Department 2;Business unit 7;Service 26;;;94 LBV 96;OUI;RENAULT;GPL KANGOO;Utilitaire léger;2006;GPL;68807;Km;10381;NON;;;;;;10381;;;
LastName  293;FirstName  293;Site 1;Entity 1;Department 2;Business unit 7;Service 27;Project 45;;940 GWY 03;OUI;RENAULT;GPL CLIO;Véhicule léger;2001;GPL;83800;Km;6594;NON;;;;;;6594;;;
LastName  294;FirstName  294;Site 1;Entity 1;Department 2;Business unit 7;Service 27;Project 45;;598 SHS 05;NON;RENAULT;TWINGO;Véhicule léger;2008;SP95;69123;Km;7356;OUI;2;9.830396475770925;19.66079295154185;227;4463;2893;;;
LastName  295;FirstName  295;Site 1;Entity 1;Department 2;Business unit 7;Service 27;Project 45;;630 FVH 12;NON;RENAULT;TWINGO;Véhicule léger;2003;SP95;61015;Km;14533;NON;;;;;;14533;;;
LastName  296;FirstName  296;Site 1;Entity 1;Department 2;Business unit 7;Service 27;Project 46;;183 MEN 24;OUI;RENAULT;GPL CLIO;Véhicule léger;2005;GPL;117552;Km;8271;OUI;2;0.06387665198237885;0.1277533039647577;227;29;8242;;;
LastName  297;FirstName  297;Site 1;Entity 1;Department 2;Business unit 7;Service 27;Project 46;;122 KBP 06;NON;YAMAHA;XMAX;Deux roues;2007;SP95;10594;Km;9403;NON;;;;;;9403;;;
LastName  298;FirstName  298;Site 1;Entity 1;Department 2;Business unit 7;Service 27;Project 46;;NR 778 MX;NON;FIAT;GNV FIORINO;Utilitaire léger;2012;GNV;;Km;3155;NON;;;;;;3155;;;
LastName  299;FirstName  299;Site 1;Entity 1;Department 2;Business unit 7;Service 27;Project 47;;302 TUB 02;NON;RENAULT;TWINGO;Véhicule léger;2011;SP95;58448;Km;14758;OUI;2;9.090308370044053;18.180616740088105;227;4127;10631;;;
LastName  300;FirstName  300;Site 1;Entity 1;Department 2;Business unit 7;Service 27;Project 47;;450 PVA 87;NON;RENAULT;TWINGO;Véhicule léger;2003;SP95;66169;Km;8876;NON;;;;;;8876;;;
LastName  301;FirstName  301;Site 1;Entity 1;Department 2;Business unit 7;Service 27;;;802 BOG 74;NON;RENAULT;CLIO;Véhicule léger;1996;SP95;96134;Km;5830;OUI;2;4.200440528634362;8.400881057268723;227;1907;3923;;;
LastName  302;FirstName  302;Site 1;Entity 1;Department 2;Business unit 7;Service 28;;;03 QIF 12;OUI;RENAULT;GPL CLIO;Véhicule léger;2006;GPL;84167;Km;11994;OUI;2;4.830396475770925;9.66079295154185;227;2193;9801;;;
LastName  303;FirstName  303;Site 1;Entity 1;Department 2;Business unit 7;Service 28;Project 48;;95 LLE 51;NON;RENAULT;TWINGO;Véhicule léger;2013;SP95;64645;Km;13323;OUI;2;15.284140969162996;30.568281938325992;227;6939;6384;;;
LastName  304;FirstName  304;Site 1;Entity 1;Department 2;Business unit 7;Service 28;Project 49;;938 ZDU 21;NON;RENAULT;KANGOO;Utilitaire léger;2000;SP95;83309;Km;8627;NON;;;;;;8627;;;
LastName  305;FirstName  305;Site 1;Entity 1;Department 2;Business unit 7;Service 29;Project 50;;05 GEX 43;NON;FIAT;GNV PUNTO;Véhicule léger;2013;GNV;36601;Km;10908;NON;;;;;;10908;;;
LastName  306;FirstName  306;Site 1;Entity 1;Department 2;Business unit 7;Service 29;Project 51;;609 QGT 53;NON;RENAULT;CLIO;Véhicule léger;2002;SP95;58999;Km;5059;OUI;2;0.7863436123348018;1.5726872246696035;227;357;4702;;;
LastName  307;FirstName  307;Site 1;Entity 1;Department 2;Business unit 7;Service 29;Project 52;;691 DAU 98;NON;RENAULT;TWINGO;Véhicule léger;2007;SP95;54768;Km;11674;OUI;2;3.3634361233480177;6.726872246696035;227;1527;10147;;;
LastName  308;FirstName  308;Site 1;Entity 1;Department 2;Business unit 7;;;;59 IGJ 92;NON;FIAT;GNV PUNTO;Véhicule léger;2011;GNV;46398;Km;12006;OUI;2;9.737885462555067;19.475770925110133;227;4421;7585;;;
LastName  309;FirstName  309;Site 1;Entity 1;Department 2;Business unit 7;;;;646 JQD 75;NON;RENAULT;TWINGO;Véhicule léger;2003;SP95;48377;Km;10235;OUI;2;8.110132158590309;16.220264317180618;227;3682;6553;;;
LastName  310;FirstName  310;Site 1;Entity 1;Department 2;Business unit 7;Service 30;;;759 UJG 99;NON;RENAULT;TWINGO;Véhicule léger;2011;SP95;60681;Km;13323;OUI;2;0.43832599118942733;0.8766519823788547;227;199;13124;;;
LastName  311;FirstName  311;Site 1;Entity 1;Department 2;Business unit 7;Service 31;;;923 NME 53;OUI;RENAULT;GPL TWINGO;Véhicule léger;2005;GPL;58673;Km;12046;NON;;;;;;12046;;;
LastName  312;FirstName  312;Site 1;Entity 1;Department 2;Business unit 7;;;;AB 836 HR;NON;FIAT;GNV PUNTO;Véhicule léger;2008;GNV;17906;Km;7211;OUI;2;1.7687224669603525;3.537444933920705;227;803;6408;;;
LastName  313;FirstName  313;Site 1;Entity 1;Department 2;Business unit 8;Service 32;Project 53;Team 62;694 LRL 49;NON;PEUGEOT;VIVACITY 100;Deux roues;2011;SP95;27082;Km;7658;NON;;;;;;7658;;;
LastName  314;FirstName  314;Site 1;Entity 1;Department 2;Business unit 8;Service 32;Project 53;Team 62;034 PSL 15;NON;RENAULT;TRAFIC;Utilitaire;2011;SP95;52970;Km;9527;NON;;;;;;9527;;;
LastName  315;FirstName  315;Site 1;Entity 1;Department 2;Business unit 8;Service 32;Project 53;;25 AKP 43;OUI;RENAULT;GPL KANGOO;Utilitaire léger;2009;GPL;71764;Km;6929;OUI;2;4.918502202643172;9.837004405286343;227;2233;4696;;;
LastName  316;FirstName  316;Site 1;Entity 1;Department 2;Business unit 8;Service 32;Project 53;;511 ZMC 30;NON;RENAULT;TWINGO;Véhicule léger;2006;SP95;52944;Km;5066;OUI;2;3.1277533039647576;6.255506607929515;227;1420;3646;;;
LastName  317;FirstName  317;Site 1;Entity 1;Department 2;Business unit 8;Service 32;Project 53;;238 WIZ 76;NON;TOYOTA;HILUX BENNE;Utilitaire léger;1993;Gasoil;127851;Km;9624;NON;;;;;;9624;;;
LastName  318;FirstName  318;Site 1;Entity 1;Department 2;Business unit 8;Service 32;Project 53;Team 63;LO 576 AM;NON;CITROEN;JUMPY;Utilitaire léger;2008;Gasoil;33961;Km;11320;NON;;;;;;11320;;;
LastName  319;FirstName  319;Site 1;Entity 1;Department 2;Business unit 8;Service 32;Project 53;;EH 475 Y;NON;PEUGEOT;ELECTRIQUE SCOOTER;Deux roues;2008;Eléctricité;10548;Km;5073;NON;;;;;;5073;;;
LastName  320;FirstName  320;Site 1;Entity 1;Department 2;Business unit 8;Service 32;Project 53;;DP 974 TG;NON;ECO LOOK;ELECTRIQUE VOITURE;Véhicule léger;2005;Eléctricité;2326;Km;5120;NON;;;;;;5120;;;
LastName  321;FirstName  321;Site 1;Entity 1;Department 2;Business unit 8;Service 32;Project 53;;W 337 G;NON;PEUGEOT;VIVACITY 50;Deux roues;2006;SP95;11066;Heures;6900;NON;;;;;;6900;;;
LastName  322;FirstName  322;Site 1;Entity 1;Department 2;Business unit 8;Service 32;Project 53;;OLM EMSATIS;NON;DOOSAN;CHARIOT ELEVATEUR;Spécifique;NaN;Gazoil;;Km;6319;NON;;;;;;6319;;;
LastName  323;FirstName  323;Site 1;Entity 1;Department 2;Business unit 8;Service 32;Project 54;Team 64;587 CDG 97;NON;RENAULT;TRAFIC;Utilitaire;2006;Gasoil;28949;Km;6333;NON;;;;;;6333;;;
LastName  324;FirstName  324;Site 1;Entity 1;Department 2;Business unit 8;Service 32;Project 54;Team 64;PJ 097 QB;NON;CITROEN;GNV BERLINGO;Utilitaire léger;2013;GNV;25245;Km;6972;OUI;2;3.0814977973568283;6.1629955947136565;227;1399;5573;;;
LastName  325;FirstName  325;Site 1;Entity 1;Department 2;Business unit 8;Service 32;Project 54;Team 65;446 RCL 93;OUI;RENAULT;GPL KANGOO;Utilitaire léger;2009;GPL;53627;Km;7642;OUI;2;10.405286343612335;20.81057268722467;227;4724;2918;;;
LastName  326;FirstName  326;Site 1;Entity 1;Department 2;Business unit 8;Service 32;Project 54;Team 66;673 QEO 97;NON;RENAULT;KANGOO;Utilitaire léger;2002;Gasoil;114733;Km;11668;OUI;2;5.566079295154185;11.13215859030837;227;2527;9141;;;
LastName  327;FirstName  327;Site 1;Entity 1;Department 2;Business unit 8;Service 32;Project 54;;PX 353 ZZ;NON;VOLKSWAGEN;GNV CADDY 5 PL;Utilitaire léger;2006;GNV;20581;Km;7442;OUI;2;10.48898678414097;20.97797356828194;227;4762;2680;;;
LastName  328;FirstName  328;Site 1;Entity 1;Department 2;Business unit 8;Service 32;;;57 RSG 32;NON;RENAULT;CLIO;Véhicule léger;2006;SP95;58900;Km;9725;OUI;2;1.9052863436123348;3.8105726872246697;227;865;8860;;;
LastName  329;FirstName  329;Site 1;Entity 1;Department 2;Business unit 8;Service 32;;;752 PBW 59;OUI;RENAULT;GPL TWINGO;Véhicule léger;2009;GPL;82484;Km;12730;NON;;;;;;12730;;;
LastName  330;FirstName  330;Site 1;Entity 1;Department 2;Business unit 8;Service 32;Project 55;;672 ULW 16;NON;RENAULT;TWINGO;Véhicule léger;2008;SP95;53594;Km;9011;OUI;2;2.0875;4.175;200;835;8176;;;
LastName  331;FirstName  331;Site 1;Entity 1;Department 2;Business unit 8;Service 33;Project 56;;84 TTW 47;OUI;RENAULT;GPL KANGOO;Utilitaire léger;2003;GPL;72097;Km;8906;OUI;2;3.449339207048458;6.898678414096916;227;1566;7340;;;
LastName  332;FirstName  332;Site 1;Entity 1;Department 2;Business unit 8;Service 33;Project 56;;15 EYD 04;NON;PEUGEOT;ELYSEO 125;Deux roues;2009;SP95;45532;Km;5700;OUI;2;3.6872246696035242;7.3744493392070485;227;1674;4026;;;
LastName  333;FirstName  333;Site 1;Entity 1;Department 2;Business unit 8;Service 33;Project 56;;864 AIH 05;NON;RENAULT;KANGOO;Utilitaire léger;2009;SP95;61533;Km;12240;OUI;2;6.068281938325991;12.136563876651982;227;2755;9485;;;
LastName  334;FirstName  334;Site 1;Entity 1;Department 2;Business unit 8;Service 33;Project 57;;796 OPT 04;NON;RENAULT;TWINGO;Véhicule léger;2006;SP95;66185;Km;13197;OUI;2;8.458149779735683;16.916299559471366;227;3840;9357;;;
LastName  335;FirstName  335;Site 1;Entity 1;Department 2;Business unit 8;Service 33;;;752 OEO 70;OUI;RENAULT;GPL KANGOO;Utilitaire léger;2009;GPL;27968;Km;5645;OUI;2;30.566666666666666;61.13333333333333;30;1834;3811;;;
LastName  336;FirstName  336;Site 1;Entity 1;Department 2;Business unit 8;Service 33;Project 58;;776 LXT 38;OUI;RENAULT;GPL KANGOO;Utilitaire léger;2008;GPL;120238;Km;18917;OUI;2;23.852422907488986;47.70484581497797;227;10829;8088;;;
LastName  337;FirstName  337;Site 1;Entity 1;Department 2;Business unit 8;Service 34;Project 59;;282 UCO 64;NON;PEUGEOT;PARTNER;Utilitaire léger;2005;SP95;52636;Km;10821;OUI;2;8.013215859030836;16.026431718061673;227;3638;7183;;;
LastName  338;FirstName  338;Site 1;Entity 1;Department 2;Business unit 8;Service 34;Project 59;;903 FXP 38;NON;RENAULT;MASTER;Utilitaire;2004;Gasoil;82244;Km;12422;NON;;;;;;12422;;;
LastName  339;FirstName  339;Site 1;Entity 1;Department 2;Business unit 8;Service 34;Project 59;Team 67;QH 175 FX;NON;FIAT;DUCATO;Utilitaire;2012;Gasoil;19177;Km;11276;NON;;;;;;11276;;;
LastName  340;FirstName  340;Site 1;Entity 1;Department 2;Business unit 8;Service 34;Project 59;;PPF YMTVODO;NON;ARMANI;GERBEUR ELECTRIQUE;Spécifique;NaN;Eléctricité;2837;Km;641;NON;;;;;;641;;;
LastName  341;FirstName  341;Site 1;Entity 1;Department 2;Business unit 8;Service 34;;;942 NHB 17;NON;PEUGEOT;PARTNER;Utilitaire léger;1999;SP95;43236;Km;8933;NON;;;;;;8933;;;
LastName  342;FirstName  342;Site 1;Entity 1;Department 2;Business unit 8;Service 34;;;037 WSF 42;OUI;RENAULT;GPL TWINGO;Véhicule léger;2005;GPL;39739;Km;5193;OUI;2;0.9405286343612335;1.881057268722467;227;427;4766;;;
LastName  343;FirstName  343;Site 1;Entity 1;Department 2;Business unit 8;Service 35;;;48 SRA 57;OUI;RENAULT;GPL KANGOO;Utilitaire léger;2000;GPL;47661;Km;11526;NON;;;;;;11526;;;
LastName  344;FirstName  344;Site 1;Entity 1;Department 2;Business unit 8;Service 35;;;45 OLD 48;NON;FIAT;GNV PUNTO;Véhicule léger;2006;GNV;28247;Km;10860;NON;;;;;;10860;;;
LastName  345;FirstName  345;Site 1;Entity 1;Department 2;Business unit 8;Service 35;;;606 HMB 49;NON;PEUGEOT;GEOPOLIS 125;Deux roues;2002;SP95;8879;Km;1847;NON;;;;;;1847;;;
LastName  346;FirstName  346;Site 1;Entity 1;Department 2;Business unit 8;Service 35;;;J 751 H;NON;PEUGEOT;VIVACITY 50;Deux roues;2011;SP95;4246;Km;4490;NON;;;;;;4490;;;
LastName  347;FirstName  347;Site 1;Entity 1;Department 2;Business unit 8;Service 36;;;36 LOE 07;OUI;RENAULT;GPL CLIO;Véhicule léger;2005;GPL;108985;Km;7956;OUI;2;11.5;23;227;5221;2735;;;
LastName  348;FirstName  348;Site 1;Entity 1;Department 2;Business unit 8;;;;85 KTL 87;NON;FIAT;GNV PUNTO;Véhicule léger;2013;GNV;33803;Km;3780;OUI;2;1.0220264317180616;2.0440528634361232;227;464;3316;;;
LastName  349;FirstName  349;Site 1;Entity 1;Department 2;Business unit 8;;;;493 XJF 92;NON;RENAULT;CLIO;Véhicule léger;2005;SP95;91454;Km;13440;OUI;2;5.3766519823788546;10.753303964757709;227;2441;10999;;;
LastName  350;FirstName  350;Site 1;Entity 1;Department 2;Business unit 8;;;;HK 164 PX;NON;RENAULT;EXPRESS;Utilitaire léger;1995;SP95;59971;Km;5850;NON;;;;;;5850;;;
LastName  351;FirstName  351;Site 1;Entity 1;Department 2;Business unit 9;Service 37;;;669 VCH 44;OUI;RENAULT;GPL TWINGO;Véhicule léger;2009;GPL;13599;Km;5024;NON;;;;;;5024;;;
LastName  352;FirstName  352;Site 1;Entity 1;Department 2;Business unit 9;Service 37;Project 60;;192 GYM 51;NON;PEUGEOT;ELYSEO 125;Deux roues;2005;SP95;16346;Km;;NON;;;;;;;;;
LastName  353;FirstName  353;Site 1;Entity 1;Department 2;Business unit 9;;;;088 ONB 82;OUI;RENAULT;GPL CLIO;Véhicule léger;2003;GPL;64767;Km;7416;OUI;2;5.400881057268722;10.801762114537445;227;2452;4964;;;
LastName  354;FirstName  354;Site 1;Entity 1;Department 2;Business unit 9;;;;567 OYT 31;OUI;RENAULT;GPL CLIO;Véhicule léger;2002;GPL;35919;Km;11416;OUI;2;4.680616740088106;9.361233480176212;227;2125;9291;;;
LastName  355;FirstName  355;Site 1;Entity 1;Department 2;Business unit 9;Service 38;Project 61;;160 QLV 57;NON;PEUGEOT;VIVACITY 100;Deux roues;2000;SP95;17070;Km;6055;NON;;;;;;6055;;;
LastName  356;FirstName  356;Site 1;Entity 1;Department 2;Business unit 9;Service 39;Project 62;Team 68;562 PTD 06;OUI;RENAULT;GPL KANGOO;Utilitaire léger;2003;GPL;19886;Km;8371;NON;;;;;;8371;;;
LastName  357;FirstName  357;Site 1;Entity 1;Department 2;;Service 40;;;40 JFY 22;NON;RENAULT;GPL CLIO;Véhicule léger;2006;GPL;63058;Km;11595;OUI;2;3.383259911894273;6.766519823788546;227;1536;10059;;;
LastName  358;FirstName  358;Site 1;Entity 1;Department 2;;Service 40;;;179 QPE 82;NON;RENAULT;TWINGO;Véhicule léger;2011;SP95;40353;Km;7752;NON;;;;;;7752;;;
LastName  359;FirstName  359;Site 1;Entity 1;Department 2;;Service 40;;;153 DZI 03;OUI;RENAULT;GPL TWINGO;Véhicule léger;2006;GPL;52868;Km;12205;NON;;;;;;12205;;;
LastName  360;FirstName  360;Site 1;Entity 1;Department 2;Business unit 10;Service 41;Project 63;;446 AYF 80;NON;YAMAHA;XMAX;Deux roues;2008;SP95;30571;Km;6345;NON;;;;;;6345;;;
LastName  361;FirstName  361;Site 1;Entity 1;Department 2;Business unit 10;;;;FB 107 DH;NON;CITROEN;C3;Véhicule léger;2013;SP95;11286;Km;6394;OUI;2;0.7224669603524229;1.4449339207048457;227;328;6066;;;
LastName  362;FirstName  362;Site 1;Entity 1;Department 2;Business unit 11;;;;529 FSW 05;NON;RENAULT;TWINGO;Véhicule léger;2002;SP95;94690;Km;11182;OUI;2;13.035242290748899;26.070484581497798;227;5918;5264;;;
LastName  363;FirstName  363;Site 1;Entity 1;Department 2;;;;;645 NVQ 14;NON;RENAULT;CLIO;Véhicule léger;2001;SP95;48639;Km;9061;OUI;2;7.277533039647577;14.555066079295154;227;3304;5757;;;
LastName  364;FirstName  364;Site 1;Entity 1;Department 3;Business unit 12;Service 42;Project 64;Team 69;476 YVR 86;NON;RENAULT;MASCOTT;Utilitaire;2004;Gasoil;26982;Km;6870;NON;;;;;;6870;;;
LastName  365;FirstName  365;Site 1;Entity 1;Department 3;Business unit 12;Service 42;Project 64;Team 69;428 WAE 26;NON;FORD;MINI BENNE;Utilitaire;2010;Gasoil;50172;Km;10982;NON;;;;;;10982;;;
LastName  366;FirstName  366;Site 1;Entity 1;Department 3;Business unit 12;Service 42;Project 64;Team 69;KK 754 FT;NON;FIAT;DUCATO LONG;Utilitaire;2012;Gasoil;7548;Km;8343;NON;;;;;;8343;;;
LastName  367;FirstName  367;Site 1;Entity 1;Department 3;Business unit 12;Service 42;Project 64;Team 70;496 FTK 21;NON;RENAULT;MASTER;Utilitaire;2005;Gasoil;92574;Km;12883;NON;;;;;;12883;;;
LastName  368;FirstName  368;Site 1;Entity 1;Department 3;Business unit 12;Service 42;Project 64;Team 70;A 364 K;NON;PEUGEOT;VIVACITY 50;Deux roues;2013;SP95;10220;Km;3935;NON;;;;;;3935;;;
LastName  369;FirstName  369;Site 1;Entity 1;Department 3;Business unit 12;Service 42;Project 64;;982 LNH 24;NON;RENAULT;KANGOO;Utilitaire léger;2003;SP95;79529;Km;13635;NON;;;;;;13635;;;
LastName  370;FirstName  370;Site 1;Entity 1;Department 3;Business unit 12;Service 42;Project 64;Team 71;304 XWS 67;NON;PEUGEOT;PARTNER;Utilitaire léger;2007;SP95;56418;Km;10692;NON;;;;;;10692;;;
LastName  371;FirstName  371;Site 1;Entity 1;Department 3;Business unit 12;Service 42;Project 64;;ORM AHLUHPU;NON;TOYOTA;CHARIOT ELEVATEUR;Spécifique;2001;SP 95;9419;Km;2796;NON;;;;;;2796;;;
LastName  377;FirstName  377;Site 1;Entity 1;Department 3;Business unit 12;Service 44;Project 65;Team 73;911 KNG 48;NON;RENAULT;MASCOTT;Utilitaire;1997;Gasoil;73223;Km;8642;NON;;;;;;8642;;;
LastName  378;FirstName  378;Site 1;Entity 1;Department 3;Business unit 12;Service 44;Project 65;Team 73;093 ASV 37;NON;RENAULT;MASTER;Utilitaire;2003;Gasoil;97976;Km;14689;NON;;;;;;14689;;;
LastName  379;FirstName  379;Site 1;Entity 1;Department 3;Business unit 12;Service 44;Project 65;Team 74;UM 937 UW;NON;RENAULT;MASCOTT;Utilitaire;2008;Gasoil;62760;Km;20147;NON;;;;;;20147;;;
LastName  380;FirstName  380;Site 1;Entity 1;Department 3;Business unit 12;Service 44;Project 65;Team 75;TK  543 OP;NON;CITROEN;JUMPER PLATEAU;Utilitaire;2005;Gasoil;24448;Km;6820;NON;;;;;;6820;;;
LastName  381;FirstName  381;Site 1;Entity 1;Department 3;Business unit 12;Service 44;;;884 LEG 87;OUI;RENAULT;GPL TWINGO;Véhicule léger;2005;GPL;51444;Km;8838;NON;;;;;;8838;;;
LastName  372;FirstName  372;Site 1;Entity 1;Department 3;Business unit 12;Service 43;;;304 ODJ 15;OUI;RENAULT;GPL KANGOO;Utilitaire léger;1997;GPL;55983;Km;4410;NON;;;;;;4410;;;
LastName  373;FirstName  373;Site 1;Entity 1;Department 3;Business unit 12;Service 43;;Team 72;766 ILV 01;NON;CITROEN;JUMPER;Utilitaire;2001;SP95;100962;Km;9064;NON;;;;;;9064;;;
LastName  374;FirstName  374;Site 1;Entity 1;Department 3;Business unit 12;Service 43;;;895 OSD 09;NON;PEUGEOT;VIVACITY 100;Deux roues;2006;SP95;4088;Km;2370;NON;;;;;;2370;;;
LastName  375;FirstName  375;Site 1;Entity 1;Department 3;Business unit 12;Service 43;;;650 GFK 20;NON;PEUGEOT;PARTNER;Utilitaire léger;2005;SP95;43476;Km;5415;NON;;;;;;5415;;;
LastName  376;FirstName  376;Site 1;Entity 1;Department 3;Business unit 12;Service 43;;;466 ZKB 34;NON;RENAULT;TWINGO;Véhicule léger;2004;SP95;46857;Km;8250;NON;;;;;;8250;;;
LastName  382;FirstName  382;Site 1;Entity 1;Department 3;Business unit 12;Service 45;;;63 OPG 95;OUI;RENAULT;GPL KANGOO;Utilitaire léger;2005;GPL;58383;Km;10888;NON;;;;;;10888;;;
LastName  383;FirstName  383;Site 1;Entity 1;Department 3;Business unit 12;Service 45;Project 66;;474 ZRW69;NON;RENAULT;TWINGO;Véhicule léger;2010;SP95;123233;Km;15214;NON;;;;;;15214;;;
LastName  384;FirstName  384;Site 1;Entity 1;Department 3;Business unit 12;;;;309 VPF 27;NON;RENAULT;CLIO;Véhicule léger;2008;SP95;69172;Km;9099;OUI;2;8.240088105726873;16.480176211453745;227;3741;5358;;;
LastName  390;FirstName  390;Site 1;Entity 1;Department 3;Business unit 12;;;;032 VDP 49;NON;RENAULT;TWINGO;Véhicule léger;2006;SP95;85882;Km;11371;NON;;;;;;11371;;;
LastName  386;FirstName  386;Site 1;Entity 1;Department 3;Business unit 12;Service 46;;;LCC ANJDVNE;NON;STEPLESS;ELEVATEUR DE PERSONNES POSE;Spécifique;1997;Eléctricité;6072;Km;6738;NON;;;;;;6738;;;
LastName  387;FirstName  387;Site 1;Entity 1;Department 3;Business unit 12;Service 47;;;546 MOW 16;NON;RENAULT;KANGOO;Utilitaire léger;1998;SP95;56655;Km;9504;NON;;;;;;9504;;;
LastName  388;FirstName  388;Site 1;Entity 1;Department 3;Business unit 12;Service 48;Project 67;;UD 025 TX;NON;FIAT;GNV FIORINO;Utilitaire léger;2013;GNV;;Km;9791;NON;;;;;;9791;;;
LastName  389;FirstName  389;Site 1;Entity 1;Department 3;Business unit 12;;;;Y 222 V;NON;PEUGEOT;VIVACITY 50;Deux roues;2010;SP95;5887;Km;;OUI;2;0.7819383259911894;1.5638766519823788;227;355;;;;
LastName  385;FirstName  385;Site 1;Entity 1;Department 3;Business unit 12;;;;22 BAV 08;OUI;RENAULT;GPL KANGOO;Utilitaire léger;2011;GPL;106860;Km;15593;NON;;;;;;15593;;;
LastName  391;FirstName  391;Site 1;Entity 1;Department 3;Business unit 13;Service 49;Project 68;;627 QNS 74;NON;PEUGEOT;VIVACITY 100;Deux roues;2009;SP95;90147;Km;16638;NON;;;;;;16638;;;
LastName  392;FirstName  392;Site 1;Entity 1;Department 3;Business unit 13;Service 49;Project 68;;972 DFJ 87;NON;RENAULT;TRAFIC;Utilitaire;2004;Gasoil;54131;Km;9820;NON;;;;;;9820;;;
LastName  393;FirstName  393;Site 1;Entity 1;Department 3;Business unit 13;Service 49;Project 68;;BF 241 XU;NON;YAMAHA;XMAX;Deux roues;2010;SP95;24616;Km;4466;NON;;;;;;4466;;;
LastName  394;FirstName  394;Site 1;Entity 1;Department 3;Business unit 13;Service 49;Project 68;;TI 652 TL;NON;NISSAN;CABSTAR BENNE ;Utilitaire;2013;Gasoil;34206;Km;5752;NON;;;;;;5752;;;
LastName  395;FirstName  395;Site 1;Entity 1;Department 3;Business unit 13;Service 49;Project 69;;747 TRN 10;NON;PEUGEOT;PARTNER;Utilitaire léger;2007;SP95;72804;Km;10403;NON;;;;;;10403;;;
LastName  396;FirstName  396;Site 1;Entity 1;Department 3;Business unit 13;Service 49;Project 69;;259 ZSB 49;NON;PEUGEOT;VIVACITY 100;Deux roues;2002;SP95;26422;Km;3081;NON;;;;;;3081;;;
LastName  397;FirstName  397;Site 1;Entity 1;Department 3;Business unit 13;Service 49;Project 70;;025 MUK 00;NON;RENAULT;TWINGO;Véhicule léger;2012;SP95;31344;Km;12530;NON;;;;;;12530;;;
LastName  398;FirstName  398;Site 1;Entity 1;Department 3;Business unit 13;Service 49;;;PC 857 JC;NON;YAMAHA;XMAX;Deux roues;2006;SP95;11712;Km;2168;NON;;;;;;2168;;;
LastName  399;FirstName  399;Site 1;Entity 1;Department 3;Business unit 13;Service 49;;;PS 948 EM;NON;VOLKSWAGEN;GNV CADDY VAN;Utilitaire léger;2009;GNV;22101;Km;11365;OUI;2;7.061674008810573;14.123348017621145;227;3206;8159;;;
LastName  400;FirstName  400;Site 1;Entity 1;Department 3;Business unit 13;Service 49;;;TAY OYQQTBF;NON;J. DEER;TONDEUSE;Spécifique;2001;Gazoil;;Km;5103;NON;;;;;;5103;;;
LastName  401;FirstName  401;Site 1;Entity 1;Department 3;Business unit 13;Service 50;Project 71;;690 CPX 52;NON;YAMAHA;XMAX;Deux roues;2013;SP95;27898;Km;7665;NON;;;;;;7665;;;
LastName  402;FirstName  402;Site 1;Entity 1;Department 3;Business unit 13;Service 50;Project 71;;162 JRZ 50;NON;RENAULT;MASTER MINIBUS;Utilitaire;2007;Gasoil;6048;Km;3088;NON;;;;;;3088;;;
LastName  403;FirstName  403;Site 1;Entity 1;Department 3;Business unit 13;Service 50;Project 71;Team 76;1541 GC 91;NON;RENAULT;TRAFIC MINIBUS;Utilitaire;1998;SP95;26116;Km;9314;NON;;;;;;9314;;;
LastName  404;FirstName  404;Site 1;Entity 1;Department 3;Business unit 13;Service 50;;;232 SJS 32;OUI;RENAULT;GPL TWINGO;Véhicule léger;2008;GPL;115596;Km;12261;NON;;;;;;12261;;;
LastName  405;FirstName  405;Site 1;Entity 1;Department 3;Business unit 13;Service 51;;;919 FYG 99;NON;RENAULT;CLIO;Véhicule léger;2008;SP95;84492;Km;8371;OUI;2;9.962555066079295;19.92511013215859;227;4523;3848;;;
LastName  406;FirstName  406;Site 1;Entity 1;Department 3;Business unit 13;Service 52;Project 72;;855 RBY 10;NON;CITROEN;C1;Véhicule léger;2004;SP95;76484;Km;15782;NON;;;;;;15782;;;
LastName  407;FirstName  407;Site 1;Entity 1;Department 3;Business unit 13;;;;LR 779 KL;NON;YAMAHA;XMAX;Deux roues;2010;SP95;13319;Km;5174;OUI;2;7.229074889867841;14.458149779735683;227;3282;1892;;;
LastName  408;FirstName  408;Site 1;Entity 1;Department 3;Business unit 14;Service 53;Project 73;Team 77;315 LLA 36;NON;RENAULT;MASTER MINIBUS;Utilitaire;1999;Gasoil;118428;Km;13304;NON;;;;;;13304;;;
LastName  409;FirstName  409;Site 1;Entity 1;Department 3;Business unit 14;Service 53;Project 73;Team 77;KU 519 DD;NON;CITROEN;JUMPER MINIBUS;Utilitaire;2013;Gasoil;18821;Km;11172;NON;;;;;;11172;;;
LastName  410;FirstName  410;Site 1;Entity 1;Department 3;Business unit 14;Service 53;Project 73;;484 MBS 16;NON;PEUGEOT;PARTNER;Utilitaire léger;2004;SP95;47777;Km;5734;NON;;;;;;5734;;;
LastName  411;FirstName  411;Site 1;Entity 1;Department 3;Business unit 14;Service 53;Project 73;;302 EKG 61;NON;PEUGEOT;PARTNER;Utilitaire léger;2002;SP95;84169;Km;12318;NON;;;;;;12318;;;
LastName  412;FirstName  412;Site 1;Entity 1;Department 3;Business unit 14;Service 53;Project 73;;KB 972 QA;NON;FIAT;DUCATO;Utilitaire;2013;Gasoil;;Km;273;NON;;;;;;273;;;
LastName  413;FirstName  413;Site 1;Entity 1;Department 3;Business unit 14;Service 53;Project 74;Team 78;848 LOI 76;NON;PEUGEOT;PARTNER;Utilitaire léger;2004;SP95;33292;Km;7187;OUI;2;0.43392070484581496;0.8678414096916299;227;197;6990;;;
LastName  414;FirstName  414;Site 1;Entity 1;Department 3;Business unit 14;Service 54;Project 75;;679 LRT 32;NON;RENAULT;MASTER 16 pl;Transport commun;2013;Gasoil;43331;Km;6994;NON;;;;;;6994;;;
LastName  415;FirstName  415;Site 1;Entity 1;Department 3;Business unit 14;Service 54;;;402 ALW 46;NON;PEUGEOT;ELYSEO 125;Deux roues;2000;SP95;30712;Km;6401;NON;;;;;;6401;;;
LastName  416;FirstName  416;Site 1;Entity 1;Department 3;Business unit 14;Service 55;;;798 ESS 46;NON;PIAGGIO;PORTER;Utilitaire léger;2011;SP95;20469;Km;1921;NON;;;;;;1921;;;
LastName  417;FirstName  417;Site 1;Entity 1;Department 3;Business unit 14;Service 55;;;794 ICI 62;NON;RENAULT;TWINGO;Véhicule léger;2004;SP95;65463;Km;10543;OUI;2;6.257709251101321;12.515418502202643;227;2841;7702;;;
LastName  418;FirstName  418;Site 1;Entity 1;Department 3;Business unit 14;Service 56;;;743 LBO 73;NON;PEUGEOT;ELYSEO 125;Deux roues;2012;SP95;27838;Km;8915;OUI;2;6.58590308370044;13.17180616740088;227;2990;5925;;;
LastName  419;FirstName  419;Site 1;Entity 1;Department 3;Business unit 14;Service 56;;;SR 056 JJ;NON;FIAT;DUCATO PANORAMA MINIBUS;Utilitaire;2013;Gasoil;13375;Km;9308;NON;;;;;;9308;;;
LastName  420;FirstName  420;Site 1;Entity 1;Department 3;Business unit 14;Service 57;Project 76;;448 QNH 24;NON;YAMAHA;XMAX;Deux roues;2008;SP95;29723;Km;11973;OUI;2;11.907488986784141;23.814977973568283;227;5406;6567;;;
LastName  421;FirstName  421;Site 1;Entity 1;Department 3;Business unit 14;;;;830 MTU 86;NON;RENAULT;CLIO;Véhicule léger;2004;SP95;45139;Km;12106;OUI;2;14.004405286343612;28.008810572687224;227;6358;5748;;;
LastName  422;FirstName  422;Site 1;Entity 1;Department 3;Business unit 14;Service 58;;;WK 706 IP;NON;VOLKSWAGEN;GNV CADDY VAN;Utilitaire léger;2013;GNV;20031;Km;12661;NON;;;;;;12661;;;
LastName  423;FirstName  423;Site 1;Entity 1;Department 3;Business unit 15;Service 59;Project 77;;329 NMU 30;NON;YAMAHA;XMAX;Deux roues;2012;SP95;7425;Km;2269;NON;;;;;;2269;;;
LastName  424;FirstName  424;Site 1;Entity 1;Department 3;Business unit 15;Service 59;Project 78;;840 LYW 42;NON;PEUGEOT;PARTNER;Utilitaire léger;2013;SP95;30903;Km;7642;NON;;;;;;7642;;;
LastName  425;FirstName  425;Site 1;Entity 1;Department 3;Business unit 15;Service 59;Project 79;;BM 929 VR ;NON;YAMAHA ;CYGNUS 125 ;Deux roues;2013;SP95;;Km;;NON;;;;;;;;;
LastName  426;FirstName  426;Site 1;Entity 1;Department 3;Business unit 15;Service 60;Project 80;;98 EIX 96;NON;FIAT;GNV PUNTO;Véhicule léger;2009;GNV;56451;Km;14670;OUI;2;1.9030837004405285;3.806167400881057;227;864;13806;;;
LastName  427;FirstName  427;Site 1;Entity 1;Department 3;Business unit 15;Service 61;;;769 YEN 16;NON;RENAULT;CLIO;Véhicule léger;1995;SP95;45834;Km;6413;OUI;2;9.9425;19.885;200;3977;2436;;;
LastName  428;FirstName  428;Site 1;Entity 1;Department 3;Business unit 15;;;;815 ZZE 70;NON;RENAULT;CLIO;Véhicule léger;1998;SP95;58996;Km;8274;OUI;2;14.425;28.85;20;577;7697;;;
LastName  429;FirstName  429;Site 1;Entity 1;Department 3;Business unit 15;;;;735 OVU 08;OUI;RENAULT;GPL TWINGO;Véhicule léger;2010;GPL;26911;Km;2613;NON;;;;;;2613;;;
LastName  430;FirstName  430;Site 1;Entity 1;Department 3;Business unit 15;;Project 81;Team 79;675 EXE 80;OUI;RENAULT;GPL KANGOO;Utilitaire léger;2006;GPL;72460;Km;11141;OUI;2;6.475770925110132;12.951541850220265;227;2940;8201;;;
LastName  431;FirstName  431;Site 1;Entity 1;Department 3;Business unit 16;Service 62;Project 82;;066 DHB 21;NON;RENAULT;KANGOO;Utilitaire léger;2013;Gasoil;31264;Km;10262;NON;;;;;;10262;;;
LastName  432;FirstName  432;Site 1;Entity 1;Department 3;Business unit 16;Service 62;Project 82;;993 IML 08;NON;PEUGEOT;ELYSTAR 125;Deux roues;2013;SP95;13406;Km;4595;NON;;;;;;4595;;;
LastName  433;FirstName  433;Site 1;Entity 1;Department 3;Business unit 16;Service 62;Project 83;Team 80;001 ZPW 53;NON;PEUGEOT;PARTNER;Utilitaire léger;2013;SP95;36183;Km;9044;NON;;;;;;9044;;;
LastName  434;FirstName  434;Site 1;Entity 1;Department 3;Business unit 16;Service 62;Project 84;;617 NF 47;NON;PEUGEOT;PARTNER;Utilitaire léger;2007;SP95;33314;Km;9388;NON;;;;;;9388;;;
LastName  435;FirstName  435;Site 1;Entity 1;Department 3;Business unit 16;Service 62;;;HY 608 DX;NON;FIAT;GNV FIORINO;Utilitaire léger;2013;GNV;17034;Km;8268;NON;;;;;;8268;;;
LastName  436;FirstName  436;Site 1;Entity 1;Department 3;Business unit 16;;;;003 PYN 89;NON;RENAULT;CLIO;Véhicule léger;2007;SP95;89022;Km;10237;OUI;2;8.144444444444444;16.288888888888888;90;1466;8771;;;
LastName  437;FirstName  437;Site 1;Entity 1;Department 3;Business unit 16;Service 63;;;003 YRR 19;NON;YAMAHA;XMAX;Deux roues;2012;SP95;7231;Km;8293;NON;;;;;;8293;;;
LastName  438;FirstName  438;Site 1;Entity 1;Department 3;Business unit 17;Service 64;Project 85;;515 ILH 86;NON;RENAULT;KANGOO;Utilitaire léger;2001;SP95;79165;Km;10274;NON;;;;;;10274;;;
LastName  439;FirstName  439;Site 1;Entity 1;Department 3;Business unit 17;Service 64;Project 85;;ZP 615 ID;NON;CITROEN;BERLINGO;Utilitaire léger;2013;SP95;28776;Km;13015;NON;;;;;;13015;;;
LastName  440;FirstName  440;Site 1;Entity 1;Department 3;Business unit 17;Service 64;Project 85;;GS 447 AT;NON;FIAT;GNV FIORINO;Utilitaire léger;2012;GNV;12183;Km;9743;NON;;;;;;9743;;;
LastName  441;FirstName  441;Site 1;Entity 1;Department 3;Business unit 17;;;;870 KVA 67;NON;CITROEN;C3;Véhicule léger;2013;SP95;16254;Km;4144;OUI;2;3.515418502202643;7.030837004405286;227;1596;2548;;;
LastName  442;FirstName  442;Site 1;Entity 1;Department 3;Business unit 18;;Project 86;;468 UYW 48;NON;PEUGEOT;VIVACITY 100;Deux roues;2007;SP95;24198;Km;3662;OUI;2;4.729074889867841;9.458149779735683;227;2147;1515;;;
LastName  443;FirstName  443;Site 1;Entity 1;Department 3;Business unit 18;;;;029 BEV 50;NON;RENAULT;CLIO;Véhicule léger;2008;SP95;47905;Km;10644;OUI;2;9.629955947136564;19.259911894273127;227;4372;6272;;;
LastName  444;FirstName  444;Site 1;Entity 1;Department 3;Business unit 18;;Project 87;;PH 009 DI;NON;CITROEN;JUMPER;Utilitaire;2009;Gasoil;37380;Km;12859;NON;;;;;;12859;;;
LastName  445;FirstName  445;Site 1;Entity 1;Department 3;;;Project 88;Team 81;210 OPW 91;NON;PEUGEOT;PARTNER;Utilitaire léger;2007;SP95;35742;Km;7207;NON;;;;;;7207;;;
LastName  446;FirstName  446;Site 1;Entity 1;Department 3;;;;;580 SHS 21;NON;RENAULT;CLIO;Véhicule léger;2000;SP95;65885;Km;10833;OUI;2;2.0440528634361232;4.0881057268722465;227;928;9905;;;
LastName  447;FirstName  447;Site 1;Entity 1;Department 3;;Service 65;;;020 FZK 49;NON;RENAULT;CLIO;Véhicule léger;2006;SP95;36181;Km;8030;OUI;2;5.751101321585903;11.502202643171806;227;2611;5419;;;
LastName  448;FirstName  448;Site 1;Entity 1;;Business unit 19;Service 66;Project 89;Team 82;930 TZD 99;OUI;RENAULT;MEGANE;Véhicule léger;2006;SP95;173694;Km;16466;OUI;2;22.2136563876652;44.4273127753304;227;10085;6381;;;
LastName  449;FirstName  449;Site 1;Entity 1;;Business unit 19;Service 66;Project 89;Team 82;568 BEB 67;OUI;RENAULT;CLIO;Véhicule léger;2002;Gasoil;104342;Km;19281;OUI;2;0.8546255506607929;1.7092511013215859;227;388;18893;;;
LastName  450;FirstName  450;Site 1;Entity 1;;Business unit 19;Service 66;Project 89;Team 82;TS 456 CF;NON;YAMAHA;XMAX;Deux roues;2013;SP95;20291;Km;6093;OUI;2;3.143171806167401;6.286343612334802;227;1427;4666;;;
LastName  451;FirstName  451;Site 1;Entity 1;;Business unit 19;Service 66;Project 89;Team 82;HT 092 DL;OUI;CITROEN;C5;Véhicule léger;2010;SP95;55871;Km;15031;NON;;;;;;15031;;;
LastName  452;FirstName  452;Site 1;Entity 1;;Business unit 19;Service 66;Project 89;Team 82;PF 602 EC;OUI;RENAULT;LAGUNA;Véhicule léger;2012;Gasoil;29930;Km;15309;OUI;2;14.821585903083701;29.643171806167402;227;6729;8580;;;
LastName  453;FirstName  453;Site 1;Entity 1;;Business unit 19;Service 66;Project 89;Team 83;655 AUL 08;NON;RENAULT;CLIO;Véhicule léger;2001;SP95;130893;Km;14012;NON;;;;;;14012;;;
LastName  454;FirstName  454;Site 1;Entity 1;;Business unit 19;Service 67;;;214 OXW 00;NON;RENAULT;TWINGO;Véhicule léger;2009;SP95;60569;Km;9689;NON;;;;;;9689;;;
LastName  455;FirstName  455;Site 1;Entity 1;;;;;;582 PRN 87;NON;PEUGEOT;307;Véhicule léger;2010;Gasoil;120980;Km;18905;OUI;2;12.92511013215859;25.85022026431718;227;5868;13037;;;
LastName  456;FirstName  456;Site 1;Entity 1;;;;;;308 LEQ 36;NON;RENAULT;CLIO;Véhicule léger;2008;SP95;23009;Km;4655;OUI;2;1.6277533039647578;3.2555066079295156;227;739;3916;;;
LastName  457;FirstName  457;Site 1;Entity 2;;Business unit 20;;Project 90;;972 NZP 33;NON;RENAULT;KANGOO;Utilitaire léger;2008;SP95;18756;Km;7674;NON;;;;;;7674;;;
LastName  458;FirstName  458;Site 1;Entity 2;;Business unit 20;;Project 90;;942 MKJ 35;NON;RENAULT;TWINGO;Véhicule léger;2007;SP95;34641;Km;6244;NON;;;;;;6244;;;
LastName  459;FirstName  459;Site 1;Entity 2;;Business unit 20;;;;001 CYP 16;OUI;RENAULT;CLIO;Véhicule léger;2010;SP95;72952;Km;11451;OUI;2;13.431718061674008;26.863436123348016;227;6098;5353;;;
LastName  460;FirstName  460;Site 1;Entity 2;;Business unit 20;;;;AG 596 JF;NON;CITROEN;C1;Véhicule léger;2010;SP95;42649;Km;7476;OUI;2;8.814977973568283;17.629955947136565;227;4002;3474;;;
